Date,Open,High,Low,Close,Adj Close,Volume
1993-01-25,43.96875,43.96875,43.75,43.9375,24.053537368774414,1003200
1993-02-01,43.96875,45.09375,43.96875,44.96875,24.618085861206055,2234800
1993-02-08,44.96875,45.125,44.53125,44.59375,24.412796020507812,1159800
1993-02-15,44.46875,44.46875,42.8125,43.5625,23.84823226928711,998700
1993-02-22,43.6875,44.4375,43.46875,44.40625,24.31014060974121,1024300
1993-03-01,44.5625,45.1875,44.21875,44.75,24.498329162597656,658500
1993-03-08,44.84375,45.84375,44.8125,45.09375,24.686508178710938,1129000
1993-03-15,45.0625,45.5,44.96875,45.03125,24.76873016357422,489600
1993-03-22,44.59375,45.25,44.5625,44.90625,24.699989318847656,487400
1993-03-29,44.9375,45.46875,44.09375,44.09375,24.253070831298828,443600
1993-04-05,44.4375,44.53125,44.0625,44.28125,24.35621452331543,510700
1993-04-12,44.71875,45.15625,44.65625,44.9375,24.7171630859375,810700
1993-04-19,44.9375,45.0625,43.6875,43.75,24.063983917236328,708100
1993-04-26,43.78125,44.28125,43.28125,44.03125,24.218698501586914,478800
1993-05-03,44.09375,44.75,43.90625,44.34375,24.390575408935547,461300
1993-05-10,44.40625,44.6875,43.96875,44.0,24.201507568359375,380100
1993-05-17,44.125,45.25,43.84375,44.75,24.614042282104492,509000
1993-05-24,44.84375,45.65625,44.84375,45.21875,24.87187385559082,457600
1993-05-31,45.375,45.8125,45.09375,45.28125,24.9062557220459,102200
1993-06-07,45.375,45.375,44.71875,45.09375,24.803091049194336,934500
1993-06-14,45.15625,45.1875,44.5,44.5,24.649993896484375,633400
1993-06-21,44.625,44.90625,44.21875,44.78125,24.805788040161133,682900
1993-06-28,45.0,45.28125,44.53125,44.6875,24.753860473632812,1976100
1993-07-05,44.625,44.96875,44.15625,44.96875,24.90964126586914,1216500
1993-07-12,44.90625,45.1875,44.65625,44.75,24.78847885131836,2040800
1993-07-19,44.75,44.84375,44.46875,44.71875,24.77117347717285,1318000
1993-07-26,44.84375,45.21875,44.78125,44.84375,24.840404510498047,651200
1993-08-02,44.90625,45.1875,44.84375,44.96875,24.90964126586914,996000
1993-08-09,45.09375,45.34375,44.90625,45.125,24.996198654174805,2382500
1993-08-16,45.15625,45.875,45.15625,45.8125,25.377046585083008,1134600
1993-08-23,45.625,46.53125,45.625,46.25,25.619401931762695,677000
1993-08-30,46.28125,46.59375,46.25,46.375,25.68861961364746,1489400
1993-09-06,46.375,46.4375,45.59375,46.40625,25.705934524536133,812000
1993-09-13,46.5625,46.5625,45.75,45.8125,25.53514862060547,607600
1993-09-20,45.875,45.96875,44.8125,45.78125,25.51772689819336,957700
1993-09-27,46.125,46.3125,45.8125,46.15625,25.72675132751465,775900
1993-10-04,46.21875,46.375,45.71875,46.0625,25.674501419067383,1798000
1993-10-11,46.15625,47.15625,46.15625,47.0625,26.231882095336914,2243000
1993-10-18,47.03125,47.03125,46.375,46.375,25.848678588867188,2279800
1993-10-25,46.40625,46.96875,46.28125,46.84375,26.109956741333008,629400
1993-11-01,46.78125,47.0,45.53125,46.0625,25.674501419067383,1271200
1993-11-08,46.09375,46.75,45.96875,46.59375,25.970605850219727,858100
1993-11-15,46.6875,46.8125,46.21875,46.3125,25.8138370513916,1122300
1993-11-22,46.1875,46.59375,45.875,46.5,25.91835594177246,1352000
1993-11-29,46.625,46.71875,46.25,46.71875,26.0402889251709,1784700
1993-12-06,46.78125,46.9375,46.5,46.59375,25.970605850219727,1164400
1993-12-13,46.59375,46.90625,46.375,46.5625,26.13083839416504,580600
1993-12-20,46.53125,46.84375,46.40625,46.75,26.236059188842773,1218600
1993-12-27,46.75,47.15625,46.5625,46.59375,26.14839744567871,2127200
1994-01-03,46.59375,47.0625,46.40625,47.03125,26.3939266204834,2812600
1994-01-10,47.09375,47.59375,46.96875,47.40625,26.604368209838867,1428800
1994-01-17,47.40625,47.53125,47.25,47.375,26.58681869506836,751600
1994-01-24,47.34375,48.03125,47.09375,47.875,26.86742401123047,1530300
1994-01-31,48.0625,48.3125,46.96875,46.96875,26.358837127685547,2794300
1994-02-07,46.84375,47.4375,46.8125,47.15625,26.46407127380371,2252500
1994-02-14,47.0625,47.6875,46.75,46.875,26.306236267089844,4060100
1994-02-21,47.0,47.4375,46.5625,46.8125,26.271141052246094,1848300
1994-02-28,46.9375,47.0625,45.90625,46.6875,26.200992584228516,2157100
1994-03-07,46.84375,47.0,46.40625,46.84375,26.288681030273438,4704200
1994-03-14,47.03125,47.3125,46.71875,46.96875,26.510889053344727,2048500
1994-03-21,46.8125,47.0625,45.9375,45.9375,25.928813934326172,2760400
1994-03-28,46.0,46.0625,43.53125,44.59375,25.17034912109375,3368300
1994-04-04,43.34375,45.125,43.34375,44.6875,25.223270416259766,5231300
1994-04-11,44.8125,45.0625,44.25,44.59375,25.17034912109375,2783800
1994-04-18,44.640625,45.046875,43.984375,44.859375,25.32028579711914,1851400
1994-04-25,44.84375,45.359375,44.8125,45.09375,25.452558517456055,1562500
1994-05-02,45.09375,45.71875,44.59375,44.75,25.25853729248047,1736400
1994-05-09,44.625,44.84375,44.171875,44.515625,25.126262664794922,1919800
1994-05-16,44.609375,45.859375,44.5,45.5625,25.717159271240234,2646800
1994-05-23,45.515625,45.9375,45.34375,45.875,25.893526077270508,2082100
1994-05-30,45.734375,46.390625,45.5625,46.234375,26.09638786315918,966000
1994-06-06,46.328125,46.46875,45.78125,46.109375,26.025833129882812,515400
1994-06-13,46.046875,46.5625,45.8125,45.875,26.064720153808594,861300
1994-06-20,45.546875,45.625,44.0,44.0625,25.0349178314209,1832800
1994-06-27,44.234375,45.015625,44.015625,44.5625,25.31900405883789,6744100
1994-07-04,44.65625,44.984375,44.46875,44.90625,25.51432228088379,501900
1994-07-11,44.9375,45.484375,44.515625,45.390625,25.789522171020508,1457300
1994-07-18,45.390625,45.578125,45.0625,45.34375,25.76288414001465,1105000
1994-07-25,45.359375,46.046875,45.171875,45.90625,26.082483291625977,1981000
1994-08-01,45.9375,46.375,45.65625,45.78125,26.01146125793457,1506000
1994-08-08,45.828125,46.34375,45.71875,46.328125,26.322174072265625,2335100
1994-08-15,46.375,46.734375,46.15625,46.421875,26.375444412231445,2272300
1994-08-22,46.4375,47.78125,46.28125,47.6875,27.09453773498535,1089900
1994-08-29,47.8125,47.984375,47.21875,47.296875,26.872583389282227,1136700
1994-09-05,47.265625,47.5625,46.8125,47.0,26.703907012939453,1030900
1994-09-12,47.0,47.640625,46.78125,47.015625,26.875272750854492,2293200
1994-09-19,47.125,47.328125,45.734375,45.90625,26.241117477416992,1363400
1994-09-26,46.078125,46.53125,45.984375,46.171875,26.392955780029297,1227600
1994-10-03,46.203125,46.296875,45.0,45.453125,25.98210906982422,1152600
1994-10-10,45.65625,47.328125,45.640625,47.046875,26.893125534057617,2474700
1994-10-17,47.0,47.234375,46.359375,46.5625,26.61624526977539,929200
1994-10-24,46.578125,47.703125,46.0,47.65625,27.241479873657227,844800
1994-10-31,47.546875,47.59375,46.328125,46.328125,26.482267379760742,798500
1994-11-07,46.4375,47.328125,46.28125,46.40625,26.52694320678711,1216100
1994-11-14,46.609375,47.09375,46.265625,46.46875,26.562660217285156,979200
1994-11-21,46.4375,46.578125,44.609375,45.46875,25.991043090820312,1445600
1994-11-28,45.453125,45.953125,45.046875,45.5625,26.044620513916016,1161700
1994-12-05,45.65625,45.8125,44.6875,45.046875,25.749881744384766,1418400
1994-12-12,44.953125,46.03125,44.953125,45.75,26.36029815673828,821500
1994-12-19,45.75,46.265625,45.609375,46.0625,26.54037857055664,2688100
1994-12-26,46.21875,46.40625,45.5625,45.5625,26.25228500366211,2883000
1995-01-02,45.703125,46.25,45.6875,46.046875,26.531389236450195,1214300
1995-01-09,46.03125,46.734375,45.8125,46.734375,26.927490234375,699900
1995-01-16,46.71875,47.078125,46.453125,46.546875,26.819477081298828,496900
1995-01-23,46.234375,47.234375,46.203125,47.109375,27.14356231689453,202800
1995-01-30,47.015625,48.109375,46.84375,48.03125,27.674747467041016,1071100
1995-02-06,48.015625,48.46875,47.96875,48.359375,27.863784790039062,2168800
1995-02-13,48.328125,48.765625,48.25,48.453125,27.917818069458008,829800
1995-02-20,48.453125,49.15625,48.421875,49.0,28.232898712158203,1264800
1995-02-27,48.859375,49.03125,48.484375,48.78125,28.106868743896484,1795600
1995-03-06,48.453125,49.390625,48.21875,49.265625,28.38595199584961,678100
1995-03-13,49.234375,49.8125,49.171875,49.5625,28.711585998535156,873400
1995-03-20,49.625,50.21875,49.328125,50.21875,29.09174346923828,625500
1995-03-27,50.296875,50.890625,49.546875,50.109375,29.028390884399414,1339800
1995-04-03,50.09375,50.859375,50.0625,50.703125,29.37236213684082,1081300
1995-04-10,50.625,51.09375,50.59375,51.078125,29.58957862854004,930000
1995-04-17,51.265625,51.3125,50.296875,50.890625,29.480976104736328,1084300
1995-04-24,50.859375,51.671875,50.859375,51.59375,29.888282775878906,1299600
1995-05-01,51.546875,52.6875,51.390625,52.1875,30.23225212097168,2098100
1995-05-08,52.140625,52.875,52.09375,52.75,30.558107376098633,1140300
1995-05-15,52.890625,53.15625,51.90625,52.09375,30.177927017211914,1499700
1995-05-22,52.265625,53.421875,52.234375,52.5625,30.449472427368164,1622100
1995-05-29,52.6875,53.921875,52.375,53.546875,31.019718170166016,1549000
1995-06-05,53.546875,54.046875,52.75,53.0625,30.7391300201416,910900
1995-06-12,53.234375,54.234375,53.203125,53.96875,31.44771385192871,1487500
1995-06-19,54.125,55.15625,54.09375,55.015625,32.05772399902344,1193000
1995-06-26,54.859375,54.953125,54.0625,54.40625,31.702669143676758,1276500
1995-07-03,54.46875,55.78125,54.46875,55.765625,32.49476623535156,1103000
1995-07-10,55.8125,56.3125,55.453125,56.046875,32.65865707397461,1783600
1995-07-17,56.125,56.421875,54.203125,55.40625,32.285377502441406,1292200
1995-07-24,55.484375,56.703125,55.484375,56.296875,32.80434036254883,986900
1995-07-31,56.34375,56.796875,55.453125,55.984375,32.622230529785156,2158000
1995-08-07,56.109375,56.3125,55.421875,55.65625,32.43103790283203,1790100
1995-08-14,55.796875,56.40625,55.65625,56.171875,32.73147964477539,1113300
1995-08-21,56.40625,56.640625,55.75,56.296875,32.80434036254883,1025800
1995-08-28,56.453125,56.75,55.765625,56.65625,33.01373291015625,2985300
1995-09-04,56.828125,57.546875,56.734375,57.546875,33.53269958496094,852800
1995-09-11,57.640625,58.8125,57.578125,58.4375,34.23344039916992,1528800
1995-09-18,58.234375,58.78125,57.78125,58.3125,34.16020965576172,2106300
1995-09-25,58.375,58.90625,57.59375,58.484375,34.260894775390625,2313800
1995-10-02,58.484375,58.625,57.953125,58.40625,34.215118408203125,1725700
1995-10-09,58.1875,58.859375,57.265625,58.625,34.3432731628418,1635000
1995-10-16,58.453125,59.1875,58.296875,58.828125,34.46225357055664,2066700
1995-10-23,58.546875,58.890625,57.28125,58.1875,34.08699035644531,2520500
1995-10-30,58.328125,59.25,58.234375,59.234375,34.700233459472656,2353600
1995-11-06,59.21875,59.609375,58.625,59.53125,34.87416458129883,2325900
1995-11-13,59.421875,60.203125,59.078125,60.1875,35.25858688354492,2589700
1995-11-20,60.28125,60.375,59.859375,60.328125,35.34096908569336,982000
1995-11-27,60.453125,61.203125,60.15625,60.984375,35.725399017333984,2052600
1995-12-04,61.125,62.53125,61.046875,62.15625,36.41191864013672,2058800
1995-12-11,62.28125,62.796875,61.59375,61.8125,36.434410095214844,1688300
1995-12-18,61.265625,61.515625,60.578125,61.203125,36.075225830078125,4425100
1995-12-25,61.453125,61.65625,61.25,61.484375,36.24100112915039,1179400
1996-01-01,61.40625,62.625,61.171875,61.59375,36.305477142333984,2556800
1996-01-08,61.8125,62.0625,59.640625,60.234375,35.50419998168945,2286700
1996-01-15,60.25,61.421875,59.859375,61.265625,36.11207580566406,1611800
1996-01-22,61.21875,62.265625,61.109375,62.234375,36.683082580566406,3181600
1996-01-29,62.1875,64.015625,62.140625,63.640625,37.5119743347168,1895000
1996-02-05,63.53125,66.375,63.4375,65.828125,38.801361083984375,3513200
1996-02-12,65.953125,66.6875,64.734375,64.9375,38.27638626098633,3599400
1996-02-19,64.4375,66.609375,63.875,65.9375,38.865821838378906,3078100
1996-02-26,65.75,65.890625,63.609375,64.890625,38.2487678527832,5242200
1996-03-04,65.03125,65.96875,62.0,63.5,37.4290771484375,4503400
1996-03-11,63.25,64.8125,62.90625,64.125,37.96535873413086,5510800
1996-03-18,64.71875,65.9375,64.578125,65.15625,38.5759162902832,3515500
1996-03-25,65.75,65.8125,64.375,64.6875,38.29838943481445,4040400
1996-04-01,65.0,65.71875,64.796875,65.515625,38.78868865966797,2635100
1996-04-08,63.875,64.640625,62.125,63.71875,37.724822998046875,6024900
1996-04-15,64.046875,64.859375,63.84375,64.53125,38.205894470214844,3142900
1996-04-22,65.125,65.8125,64.59375,65.4375,38.74242401123047,2792100
1996-04-29,65.15625,65.796875,63.75,64.3125,38.076377868652344,3595100
1996-05-06,64.5625,65.59375,63.078125,65.375,38.70542907714844,4442800
1996-05-13,65.53125,67.3125,65.46875,67.1875,39.77850341796875,2908000
1996-05-20,67.65625,68.4375,66.984375,68.171875,40.3613166809082,3986300
1996-05-27,68.375,68.375,66.75,66.875,39.593509674072266,2925300
1996-06-03,66.890625,68.5,66.1875,67.625,40.03754425048828,3504300
1996-06-10,67.53125,68.03125,66.71875,66.9375,39.63050842285156,5328300
1996-06-17,66.96875,67.21875,66.1875,66.8125,39.766117095947266,4178800
1996-06-24,66.96875,67.5,66.15625,67.109375,39.94279861450195,3860400
1996-07-01,67.28125,67.703125,65.375,65.578125,39.03141403198242,2011900
1996-07-08,65.625,65.984375,63.875,64.5625,38.426918029785156,5690000
1996-07-15,64.71875,64.71875,60.375,63.96875,38.07351303100586,10081300
1996-07-22,63.53125,63.9375,61.625,63.71875,37.924720764160156,7095100
1996-07-29,63.625,66.59375,62.9375,66.5625,39.61729049682617,6200300
1996-08-05,66.578125,66.765625,65.796875,66.21875,39.412689208984375,3841900
1996-08-12,66.25,66.875,66.0,66.84375,39.78469467163086,3210900
1996-08-19,66.859375,67.34375,66.375,66.859375,39.79399490356445,2690400
1996-08-26,66.703125,67.0,65.125,65.328125,38.88261032104492,3582800
1996-09-02,64.46875,66.75,64.375,65.9375,39.24529266357422,4133700
1996-09-09,66.1875,68.625,66.078125,68.5625,40.807682037353516,4824700
1996-09-16,68.65625,69.15625,68.21875,68.640625,41.06440734863281,3408800
1996-09-23,68.46875,69.25,68.15625,68.6875,41.09246826171875,4270700
1996-09-30,68.78125,70.34375,68.4375,70.34375,42.083309173583984,2844900
1996-10-07,70.3125,70.6875,69.375,70.3125,42.06462478637695,3043600
1996-10-14,70.3125,71.3125,69.9375,71.21875,42.60679626464844,3056900
1996-10-21,71.28125,71.625,70.125,70.3125,42.06462478637695,3411600
1996-10-28,70.375,71.15625,69.703125,70.59375,42.23287582397461,3834300
1996-11-04,70.6875,73.4375,70.53125,73.421875,43.9248046875,6839400
1996-11-11,73.25,74.5,73.015625,74.03125,44.28938293457031,4667400
1996-11-18,74.171875,75.25,73.734375,75.171875,44.971778869628906,4895600
1996-11-25,75.25,76.6875,75.078125,76.015625,45.47654724121094,6866000
1996-12-02,75.921875,76.578125,72.65625,74.3125,44.45761489868164,10593000
1996-12-09,74.6875,75.671875,72.40625,73.3125,43.859371185302734,9262600
1996-12-16,73.5,75.71875,71.875,74.84375,44.995513916015625,9333600
1996-12-23,75.09375,76.03125,74.328125,75.875,45.615474700927734,3691400
1996-12-30,76.125,76.125,72.75,75.09375,45.145809173583984,6227300
1997-01-06,75.09375,76.25,74.125,76.125,45.76579284667969,7900500
1997-01-13,76.5,77.75,75.640625,77.5625,46.62997817993164,7972100
1997-01-20,77.75,79.6875,76.75,76.75,46.141510009765625,10654400
1997-01-27,76.875,79.40625,76.0,78.40625,47.13724136352539,12941600
1997-02-03,78.71875,79.46875,77.125,79.21875,47.625709533691406,8468600
1997-02-10,79.25,81.5625,78.125,81.1875,48.80930709838867,8227400
1997-02-17,81.34375,82.0,80.140625,80.375,48.32085037231445,4519500
1997-02-24,79.96875,81.53125,79.0625,79.15625,47.58811569213867,8813300
1997-03-03,78.75,81.15625,78.6875,80.84375,48.602664947509766,7331700
1997-03-10,80.9375,81.796875,79.0625,79.6875,47.907527923583984,6911900
1997-03-17,79.25,80.109375,77.875,78.4375,47.33662033081055,10494800
1997-03-24,78.5,79.96875,76.15625,77.0,46.46910858154297,8505200
1997-03-31,76.90625,77.125,74.15625,75.84375,45.77131271362305,16145200
1997-04-07,76.1875,77.046875,73.375,73.375,44.28141403198242,13090200
1997-04-14,73.734375,77.0,73.3125,76.5625,46.2050666809082,12110300
1997-04-21,76.75,78.28125,75.46875,76.53125,46.18622589111328,12368200
1997-04-28,76.5,81.671875,76.375,81.4375,49.147125244140625,11833900
1997-05-05,81.65625,83.5625,81.1875,82.625,49.863765716552734,13166400
1997-05-12,82.9375,84.59375,82.875,83.21875,50.22208786010742,9143300
1997-05-19,83.3125,85.21875,82.75,84.78125,51.165016174316406,5892200
1997-05-26,84.375,85.5625,83.125,85.15625,51.3913459777832,5673700
1997-06-02,85.34375,86.4375,84.078125,86.375,52.12689208984375,6796200
1997-06-09,86.4375,90.0,86.34375,89.71875,54.14480209350586,11120900
1997-06-16,89.75,90.5,88.9375,89.578125,54.27042007446289,8247200
1997-06-23,89.40625,90.25,87.34375,88.90625,53.86341094970703,18783300
1997-06-30,88.90625,92.15625,87.875,92.0625,55.77557373046875,8634800
1997-07-07,92.375,92.5,90.03125,91.78125,55.605186462402344,14276500
1997-07-14,91.890625,94.09375,91.0625,91.296875,55.31171798706055,14547500
1997-07-21,91.28125,94.8125,90.6875,94.03125,56.96833419799805,17775500
1997-07-28,94.25,96.03125,93.421875,94.9375,57.51740264892578,19588000
1997-08-04,94.78125,96.625,92.40625,93.375,56.57075119018555,17039400
1997-08-11,93.75,94.546875,89.625,89.78125,54.39350509643555,27840500
1997-08-18,90.375,94.3125,89.34375,92.5625,56.07852554321289,26486700
1997-08-25,92.78125,93.40625,89.71875,90.375,54.753211975097656,20602500
1997-09-01,90.6875,94.4375,90.59375,93.140625,56.42878341674805,16243500
1997-09-08,93.71875,94.28125,90.25,92.65625,56.135311126708984,20076300
1997-09-15,92.65625,96.375,92.1875,95.03125,57.78539276123047,17871300
1997-09-22,95.5,96.203125,93.625,94.46875,57.44334030151367,18248500
1997-09-29,94.5,97.75,94.15625,96.640625,58.76399612426758,18847500
1997-10-06,97.3125,98.5,96.21875,96.875,58.90650177001953,15010000
1997-10-13,97.34375,97.546875,93.0,94.28125,57.32930374145508,24237100
1997-10-20,94.84375,97.5,93.671875,94.0,57.158302307128906,28179800
1997-10-27,93.015625,93.9375,84.375,92.0625,55.980167388916016,57368700
1997-11-03,93.1875,95.28125,91.4375,92.9375,56.512245178222656,28065700
1997-11-10,93.625,93.84375,90.09375,93.0625,56.58822250366211,28753100
1997-11-17,94.375,96.8125,92.75,96.75,58.83051681518555,23230600
1997-11-24,96.0,96.34375,94.625,95.625,58.146400451660156,13108000
1997-12-01,96.21875,99.0,96.03125,98.9375,60.16064453125,16459600
1997-12-08,98.96875,99.0,94.90625,95.75,58.22239685058594,17101800
1997-12-15,96.25,97.875,92.375,94.78125,57.86268615722656,23011100
1997-12-22,95.4375,95.90625,93.25,93.78125,57.25218200683594,12534300
1997-12-29,94.59375,97.65625,94.4375,97.5625,59.56059646606445,12416400
1998-01-05,97.84375,98.4375,91.90625,92.3125,56.355552673339844,25860700
1998-01-12,91.125,96.6875,90.90625,96.3125,58.797489166259766,28343400
1998-01-19,96.6875,98.015625,95.0,95.9375,58.568572998046875,20684800
1998-01-26,96.375,99.5625,95.40625,98.3125,60.01848602294922,27332500
1998-02-02,99.90625,101.625,99.71875,101.625,62.04071044921875,22667300
1998-02-09,101.71875,102.9375,100.71875,102.0,62.26964569091797,17181800
1998-02-16,102.8125,103.71875,102.15625,103.65625,63.28073501586914,13157700
1998-02-23,104.25,105.53125,102.9375,105.125,64.17739868164062,16726900
1998-03-02,105.25,105.9375,103.15625,105.9375,64.67344665527344,26169900
1998-03-09,105.53125,108.0,105.25,107.09375,65.37930297851562,18355000
1998-03-16,107.84375,110.1875,107.53125,109.875,67.26996612548828,15427700
1998-03-23,109.71875,111.53125,109.0,109.625,67.11690521240234,18329100
1998-03-30,109.625,112.8125,108.96875,112.59375,68.93445587158203,19672700
1998-04-06,113.25,113.375,109.75,111.1875,68.07352447509766,19470200
1998-04-13,111.375,112.4375,110.0,112.28125,68.74317169189453,24363200
1998-04-20,112.0,113.4375,110.34375,110.8125,67.84391021728516,26749300
1998-04-27,109.375,112.59375,107.625,112.59375,68.93445587158203,41418000
1998-05-04,112.71875,113.3125,109.34375,111.125,68.03524017333984,30101100
1998-05-11,111.5625,112.6875,110.34375,111.03125,67.97785949707031,27726600
1998-05-18,110.71875,112.78125,109.828125,111.25,68.1117935180664,27646200
1998-05-25,112.09375,112.09375,107.578125,109.03125,66.75337982177734,26782100
1998-06-01,108.96875,112.0,107.875,112.0,68.57097625732422,34267900
1998-06-08,111.9375,113.0625,108.25,110.4375,67.61437225341797,30907700
1998-06-15,108.8125,111.78125,107.5,110.0625,67.59915924072266,37157100
1998-06-22,110.25,114.4375,110.0625,113.6875,69.82560729980469,29422700
1998-06-29,114.25,114.9375,113.0625,114.84375,70.53572845458984,17231600
1998-07-06,114.78125,116.9375,114.5625,116.46875,71.53385162353516,29732300
1998-07-13,116.5625,119.0,116.0625,118.5625,72.81978607177734,28371300
1998-07-20,118.75,119.234375,112.875,114.09375,70.07510375976562,44925700
1998-07-27,113.625,115.0,111.3125,111.78125,68.65483856201172,45257500
1998-08-03,111.78125,112.421875,105.59375,109.125,67.0233383178711,72464700
1998-08-10,108.75,109.65625,105.5,106.125,65.18081665039062,49420900
1998-08-17,106.0,111.09375,105.5,108.5625,66.67788696289062,49240700
1998-08-24,109.25,111.25,102.15625,103.375,63.49178695678711,74853400
1998-08-31,103.75,104.015625,93.625,97.75,60.03694534301758,96249900
1998-09-07,100.875,103.125,96.8125,101.6875,62.45534896850586,67125300
1998-09-14,102.875,105.25,101.09375,102.09375,62.92631530761719,50014000
1998-09-21,99.625,107.0,98.9375,104.25,64.25538635253906,51170100
1998-09-28,105.3125,106.3125,97.21875,100.71875,62.078834533691406,55061700
1998-10-05,99.59375,101.28125,92.21875,98.53125,60.73058319091797,73110200
1998-10-12,100.625,107.25,98.75,106.0,65.33397674560547,61057200
1998-10-19,105.6875,108.796875,105.5,106.84375,65.85401916503906,46220600
1998-10-26,107.71875,110.90625,106.03125,110.0,67.79942321777344,41077300
1998-11-02,110.8125,114.5625,110.1875,114.125,70.34191131591797,33667300
1998-11-09,113.9375,114.25,111.6875,113.21875,69.78330993652344,42108300
1998-11-16,114.21875,116.75,112.890625,116.625,71.88277435302734,30461600
1998-11-23,117.46875,119.71875,117.15625,119.5,73.65482330322266,21426400
1998-11-30,119.015625,119.375,115.09375,118.375,72.96138763427734,47636300
1998-12-07,118.0625,119.75,115.5625,117.125,72.19091796875,33885300
1998-12-14,116.15625,119.125,113.75,118.5,73.28108978271484,38130000
1998-12-21,119.25,123.25,119.0,122.6875,75.87065887451172,23339900
1998-12-28,123.25,124.75,122.0,123.3125,76.25715637207031,21740600
1999-01-04,123.375,128.5,121.71875,127.75,79.00135803222656,36948400
1999-01-11,127.6875,127.6875,120.375,124.375,76.91423034667969,45376100
1999-01-18,125.296875,127.9375,121.78125,122.5625,75.79336547851562,27529300
1999-01-25,123.28125,128.296875,121.90625,127.65625,78.9433822631836,31565200
1999-02-01,128.6875,128.6875,123.21875,124.0625,76.72098541259766,44189200
1999-02-08,125.09375,126.09375,121.328125,123.625,76.45043182373047,44309200
1999-02-15,124.75,125.75,122.21875,124.25,76.83692932128906,29134700
1999-02-22,124.4375,128.84375,122.6875,123.5625,76.41177368164062,46991800
1999-03-01,123.65625,128.125,121.78125,127.546875,78.87576293945312,44099600
1999-03-08,128.28125,131.1875,127.25,129.375,80.00630950927734,28515800
1999-03-15,129.9375,132.625,129.5,129.6875,80.39404296875,23499000
1999-03-22,130.0625,130.59375,125.625,128.5625,79.69662475585938,33397800
1999-03-29,129.15625,131.609375,128.125,129.34375,80.1809310913086,26362500
1999-04-05,130.9375,135.5,130.25,134.875,83.60980224609375,27695900
1999-04-12,133.46875,136.46875,131.0,131.53125,81.53701782226562,47462500
1999-04-19,132.6875,136.75,128.375,135.8125,84.19096374511719,38799500
1999-04-26,136.5,137.5,131.5,133.25,82.60246276855469,35114200
1999-05-03,133.4375,135.84375,131.84375,135.0,83.68727111816406,53439200
1999-05-10,134.84375,138.0,131.5,133.78125,82.93182373046875,39302300
1999-05-17,133.625,135.59375,132.375,133.34375,82.66058349609375,30627700
1999-05-24,133.84375,133.84375,128.0,130.203125,80.71365356445312,59197700
1999-05-31,130.125,133.359375,128.015625,133.21875,82.5831069946289,29551000
1999-06-07,133.4375,134.1875,129.09375,129.8125,80.47151184082031,37470000
1999-06-14,130.6875,135.5625,129.546875,134.3125,83.51245880126953,31428100
1999-06-21,134.46875,135.25,130.65625,131.703125,81.88997650146484,33401900
1999-06-28,132.6875,139.5,132.5,139.40625,86.67962646484375,42553500
1999-07-05,139.25,140.75,138.515625,140.5,87.35968780517578,24530100
1999-07-12,140.9375,142.15625,138.65625,141.8125,88.17578887939453,20926500
1999-07-19,142.1875,142.25,135.125,135.75,84.40628814697266,28547900
1999-07-26,134.875,137.3125,132.5625,132.75,82.5408935546875,27952300
1999-08-02,132.75,134.75,128.84375,130.375,81.06420135498047,35868500
1999-08-09,130.59375,133.25,127.0,133.15625,82.79352569580078,36257100
1999-08-16,133.125,134.84375,131.6875,133.90625,83.25987243652344,23202300
1999-08-23,134.8125,138.78125,134.65625,135.0625,83.97879028320312,31492300
1999-08-30,135.34375,136.5,130.65625,135.96875,84.54228210449219,43026700
1999-09-06,136.0625,136.625,133.6875,135.875,84.48397064208984,19832700
1999-09-13,135.125,135.46875,130.3125,133.75,83.3969497680664,36960900
1999-09-20,133.9375,134.0,126.3125,127.75,79.65571594238281,51145200
1999-09-27,128.75,129.75,125.5625,128.46875,80.10395050048828,44240000
1999-10-04,129.1875,133.875,128.6875,133.875,83.4748764038086,44835700
1999-10-11,133.59375,134.125,124.5,124.875,77.86309051513672,48238300
1999-10-18,124.9375,131.21875,123.4375,130.09375,81.11715698242188,51326100
1999-10-25,129.3125,137.6875,127.8125,137.0,85.42338562011719,41302200
1999-11-01,136.5,139.109375,134.59375,137.875,85.96900939941406,33084700
1999-11-08,137.0,139.984375,136.078125,139.75,87.13806915283203,32185500
1999-11-15,139.84375,143.0,139.40625,142.5,88.852783203125,28514400
1999-11-22,142.4375,143.0,140.0,141.4375,88.19029235839844,16227000
1999-11-29,140.875,145.34375,139.0,143.84375,89.69062805175781,38754500
1999-12-06,143.53125,143.71875,139.375,141.875,88.46307373046875,30066500
1999-12-13,141.4375,143.3125,140.03125,142.6875,89.18810272216797,27459200
1999-12-20,142.5625,146.484375,141.09375,146.484375,91.56133270263672,23689200
1999-12-27,146.5,147.5625,145.0625,146.875,91.80557250976562,16590500
2000-01-03,148.25,148.25,137.25,145.75,91.10233306884766,42725700
2000-01-10,146.25,147.46875,142.875,146.96875,91.86409759521484,32748700
2000-01-17,145.34375,147.0,143.8125,144.4375,90.28195190429688,24691300
2000-01-24,145.65625,145.84375,135.53125,135.875,84.92990112304688,45836400
2000-01-31,135.8125,144.0,135.0,142.59375,89.12950134277344,38317400
2000-02-07,142.5625,144.5625,138.03125,138.6875,86.68785095214844,35834100
2000-02-14,139.78125,141.21875,134.625,135.3125,84.5782699584961,45445900
2000-02-21,135.1875,137.46875,133.09375,133.328125,83.33792114257812,56469300
2000-02-28,133.375,141.71875,132.71875,141.125,88.21146392822266,48878800
2000-03-06,140.8125,142.0,135.03125,140.125,87.58637237548828,57263100
2000-03-13,136.6875,148.0,135.6875,146.9375,92.0780258178711,64979500
2000-03-20,146.875,155.75,144.5,153.5625,96.22956085205078,57492300
2000-03-27,153.375,153.78125,147.125,150.375,94.23211669921875,40621500
2000-04-03,150.125,153.0,141.390625,151.4375,94.89793395996094,48883000
2000-04-10,151.75,153.109375,133.5,136.0,85.22406768798828,71239600
2000-04-17,135.1875,145.125,134.6875,143.8125,90.11976623535156,50078700
2000-04-24,141.5,148.75,140.5,145.09375,90.92266082763672,59044900
2000-05-01,146.5625,148.484375,139.78125,143.53125,89.94348907470703,43196900
2000-05-08,142.75,143.46875,137.75,142.8125,89.49311065673828,34030200
2000-05-15,142.75,147.71875,140.40625,141.125,88.43562316894531,29384700
2000-05-22,141.25,141.8125,136.5,138.0,86.47734069824219,42993000
2000-05-29,140.0,149.09375,139.46875,147.84375,92.6458969116211,29343000
2000-06-05,147.46875,148.21875,145.625,146.59375,91.86263275146484,25584900
2000-06-12,146.96875,148.875,144.625,146.59375,92.07891082763672,28107200
2000-06-19,146.46875,149.15625,143.875,144.375,90.68524169921875,27055700
2000-06-26,145.375,146.984375,143.515625,145.28125,91.25450134277344,28474400
2000-07-03,145.4375,148.78125,144.21875,148.09375,93.02114868164062,13182800
2000-07-10,147.875,151.25,147.15625,151.25,95.0035629272461,24828600
2000-07-17,150.984375,151.984375,147.6875,147.6875,92.76591491699219,27173000
2000-07-24,148.125,148.859375,141.515625,142.09375,89.25232696533203,36330200
2000-07-31,142.9375,146.71875,142.0625,146.375,91.94149017333984,24945600
2000-08-07,146.71875,149.21875,145.5625,147.40625,92.58924865722656,22485100
2000-08-14,147.78125,150.4375,147.0625,149.6875,94.02214050292969,24001500
2000-08-21,150.03125,151.625,149.28125,151.25,95.0035629272461,18290300
2000-08-28,151.25,153.59375,150.34375,152.5,95.78876495361328,21099700
2000-09-04,151.875,152.203125,149.328125,149.8125,94.10067749023438,15576700
2000-09-11,149.75,151.1875,146.0,146.0,91.93631744384766,23881000
2000-09-18,146.375,146.96875,142.421875,145.28125,91.4837646484375,31969200
2000-09-25,145.9375,146.328125,142.125,143.625,90.44084167480469,38584900
2000-10-02,144.28125,145.75,139.75,141.0625,88.82720184326172,35595700
2000-10-09,141.3125,141.3125,132.78125,137.5625,86.62323760986328,45074400
2000-10-16,137.40625,141.1875,130.15625,139.90625,88.09913635253906,40528800
2000-10-23,139.9375,141.9375,134.03125,139.28125,87.70555114746094,39287000
2000-10-30,138.4375,143.90625,138.15625,142.78125,89.90951538085938,41242300
2000-11-06,143.15625,144.296875,136.53125,136.625,86.03289031982422,34601900
2000-11-13,135.625,140.109375,133.015625,136.640625,86.0427474975586,47027100
2000-11-20,135.75,136.375,132.125,134.84375,84.91126251220703,22291300
2000-11-27,136.46875,136.6875,129.75,132.21875,83.2582778930664,37031000
2000-12-04,131.875,139.46875,131.5,133.96875,84.36024475097656,45573400
2000-12-11,137.375,139.5625,130.5625,130.96875,82.72412109375,34242700
2000-12-18,132.0625,134.96875,125.53125,130.9375,82.70440673828125,51360700
2000-12-25,130.84375,134.28125,130.28125,131.1875,82.8622817993164,26652700
2001-01-01,132.0,136.0,127.5625,129.1875,81.59902954101562,50299500
2001-01-08,129.875,133.71875,127.6875,132.0,83.37549591064453,35562900
2001-01-15,132.0,136.1875,131.515625,134.015625,84.64864349365234,32283100
2001-01-22,134.25,137.3125,133.5625,135.875,85.82304382324219,39669000
2001-01-29,135.5,138.6999969482422,134.75,134.8000030517578,85.14404296875,39997600
2001-02-05,134.8000030517578,136.6999969482422,131.25999450683594,131.83999633789062,83.27442932128906,33064600
2001-02-12,131.6999969482422,134.1699981689453,129.3000030517578,130.39999389648438,82.36488342285156,33156800
2001-02-19,131.0399932861328,131.13999938964844,121.80000305175781,124.95999908447266,78.92880249023438,58125400
2001-02-26,125.80000305175781,127.83999633789062,121.75,123.61000061035156,78.07608032226562,64980800
2001-03-05,124.1500015258789,127.75,123.11000061035156,123.36000061035156,77.91815948486328,34657200
2001-03-12,122.33999633789062,122.5,114.80999755859375,115.01000213623047,72.83965301513672,115629200
2001-03-19,115.76000213623047,118.45999908447266,108.04000091552734,114.4800033569336,72.50399017333984,85642800
2001-03-26,115.69999694824219,118.6500015258789,112.13999938964844,116.69000244140625,73.90361022949219,55021700
2001-04-02,116.30000305175781,117.37999725341797,109.30000305175781,113.30000305175781,71.75662231445312,74741900
2001-04-09,114.0,118.98999786376953,112.77999877929688,118.8499984741211,75.27162170410156,48863400
2001-04-16,118.29000091552734,126.0,116.91000366210938,124.5,78.84996795654297,72192900
2001-04-23,123.6500015258789,125.83999633789062,120.94999694824219,125.77999877929688,79.66067504882812,45274600
2001-04-30,126.44999694824219,127.69000244140625,123.44000244140625,127.33999633789062,80.64862823486328,52989300
2001-05-07,126.86000061035156,127.5,124.4000015258789,125.1500015258789,79.26166534423828,38252000
2001-05-14,124.9000015258789,130.0800018310547,124.45999908447266,129.74000549316406,82.16864776611328,51112900
2001-05-21,129.83999633789062,132.08999633789062,127.9000015258789,128.10000610351562,81.12996673583984,47532800
2001-05-28,128.22000122070312,128.35000610351562,125.0,126.7300033569336,80.2623062133789,37768200
2001-06-04,126.80000305175781,129.22999572753906,126.08000183105469,127.0,80.43331146240234,42329700
2001-06-11,126.70999908447266,126.98999786376953,120.4000015258789,121.8499984741211,77.3911361694336,53430100
2001-06-18,121.6500015258789,124.30999755859375,120.88999938964844,122.8499984741211,78.02627563476562,52358900
2001-06-25,123.27999877929688,124.01000213623047,120.56999969482422,122.5999984741211,77.86746978759766,46611200
2001-07-02,122.80000305175781,124.31999969482422,119.05000305175781,119.05000305175781,75.61275482177734,29009100
2001-07-09,119.48999786376953,122.31999969482422,117.08999633789062,122.23999786376953,77.63880920410156,54735200
2001-07-16,121.7699966430664,122.9800033569336,119.83000183105469,121.33999633789062,77.06720733642578,38883100
2001-07-23,121.80000305175781,121.87999725341797,116.75,120.80999755859375,76.73056030273438,53799700
2001-07-30,121.19000244140625,123.25,120.30000305175781,121.94000244140625,77.44831848144531,54293000
2001-08-06,121.3499984741211,121.51000213623047,117.33999633789062,119.29000091552734,75.76519775390625,57890800
2001-08-13,119.5999984741211,120.3499984741211,116.01000213623047,116.75,74.15190887451172,51469600
2001-08-20,116.80000305175781,119.12999725341797,115.77999877929688,119.0199966430664,75.59368896484375,57082300
2001-08-27,118.97000122070312,119.19999694824219,112.04000091552734,114.1500015258789,72.50060272216797,69329700
2001-09-03,113.8499984741211,116.16999816894531,108.62999725341797,108.72000122070312,69.05179595947266,100737400
2001-09-10,107.69999694824219,110.3499984741211,107.69999694824219,110.05000305175781,69.89653778076172,23408700
2001-09-17,101.0,106.4000015258789,93.80000305175781,97.27999877929688,62.01771926879883,183182700
2001-09-24,99.72000122070312,109.62000274658203,99.05999755859375,104.44000244140625,66.58235931396484,111827300
2001-10-01,103.9000015258789,108.97000122070312,102.83000183105469,107.2300033569336,68.36103057861328,134806500
2001-10-08,106.2699966430664,110.30000305175781,105.5199966430664,109.5,69.80818176269531,103300800
2001-10-15,108.62999725341797,111.1500015258789,106.01000213623047,107.3499984741211,68.43751525878906,99714900
2001-10-22,107.30000305175781,111.79000091552734,106.73999786376953,110.31999969482422,70.33094024658203,101759500
2001-10-29,110.16000366210938,110.55000305175781,105.55999755859375,109.25,69.64878845214844,120413000
2001-11-05,110.12000274658203,114.08000183105469,109.8499984741211,112.72000122070312,71.86097717285156,97350600
2001-11-12,111.0,115.4000015258789,110.0,114.36000061035156,72.90652465820312,96541400
2001-11-19,114.91999816894531,115.8499984741211,113.51000213623047,115.68000030517578,73.74803924560547,48022400
2001-11-26,115.75,116.9000015258789,113.0,114.05000305175781,72.70887756347656,83217900
2001-12-03,113.6500015258789,118.0,113.01000213623047,116.55999755859375,74.30902099609375,94495000
2001-12-10,115.8499984741211,116.38999938964844,112.0,113.12999725341797,72.12236785888672,86616100
2001-12-17,112.98999786376953,115.91999816894531,112.9000015258789,114.94999694824219,73.53472137451172,76638600
2001-12-24,114.83000183105469,116.75,114.61000061035156,116.0,74.2064208984375,36034700
2001-12-31,116.1500015258789,117.9800033569336,113.80999755859375,117.62000274658203,75.24273681640625,69155100
2002-01-07,117.69999694824219,117.98999786376953,114.69999694824219,114.94000244140625,73.52830505371094,68932300
2002-01-14,114.6500015258789,115.38999938964844,112.66999816894531,113.1500015258789,72.38321685791016,83899400
2002-01-21,113.75,114.25,112.0199966430664,113.55000305175781,72.6391372680664,49081700
2002-01-28,113.9000015258789,114.19000244140625,108.4000015258789,112.6500015258789,72.0633773803711,108769500
2002-02-04,112.2300033569336,112.2300033569336,108.0,110.08999633789062,70.42571258544922,130066600
2002-02-11,110.05000305175781,112.97000122070312,109.81999969482422,110.88999938964844,70.9375228881836,88336600
2002-02-18,110.1500015258789,110.62999725341797,107.81999969482422,109.63999938964844,70.13787841796875,98092400
2002-02-25,109.73999786376953,113.8499984741211,109.69999694824219,113.73999786376953,72.76065063476562,118432100
2002-03-04,113.9000015258789,117.9000015258789,113.6500015258789,116.98999786376953,74.83968353271484,109307600
2002-03-11,116.88999938964844,117.9000015258789,115.62999725341797,116.6500015258789,74.83599853515625,82338900
2002-03-18,117.0999984741211,117.73999786376953,114.12000274658203,115.04000091552734,73.80309295654297,93657600
2002-03-25,115.08999633789062,115.7699966430664,113.30000305175781,114.5199966430664,73.46947479248047,74000400
2002-04-01,114.2300033569336,115.0999984741211,112.16000366210938,112.69000244140625,72.29547119140625,101992900
2002-04-08,111.31999969482422,113.54000091552734,110.04000091552734,111.41999816894531,71.48069763183594,89196400
2002-04-15,111.62000274658203,113.66999816894531,110.19999694824219,112.87999725341797,72.41737365722656,81059900
2002-04-22,112.37999725341797,112.43000030517578,107.29000091552734,107.38999938964844,68.89527893066406,95013900
2002-04-29,107.93000030517578,109.91000366210938,106.62999725341797,107.58000183105469,69.01720428466797,95625800
2002-05-06,107.63999938964844,109.36000061035156,104.9000015258789,105.72000122070312,67.82391357421875,110502300
2002-05-13,106.22000122070312,111.25,105.79000091552734,110.9000015258789,71.14710998535156,134329900
2002-05-20,110.63999938964844,110.69000244140625,108.0,108.69000244140625,69.72927856445312,72312000
2002-05-27,109.05000305175781,109.12999725341797,105.9000015258789,107.22000122070312,68.78623962402344,77054400
2002-06-03,107.08999633789062,107.5999984741211,101.72000122070312,103.33999633789062,66.29702758789062,118618500
2002-06-10,103.23999786376953,104.54000091552734,98.5,101.4000015258789,65.05243682861328,130328000
2002-06-17,101.91999816894531,105.02999877929688,98.68000030517578,99.27999877929688,63.915321350097656,117698100
2002-06-24,98.61000061035156,100.88999938964844,95.19000244140625,98.95999908447266,63.70930480957031,168238900
2002-07-01,99.18000030517578,99.80000305175781,93.72000122070312,99.30999755859375,63.93460464477539,104063400
2002-07-08,98.9800033569336,99.69999694824219,90.31999969482422,91.8499984741211,59.13196563720703,196756600
2002-07-15,91.63999938964844,93.30000305175781,84.30000305175781,84.70999908447266,54.53529357910156,289709500
2002-07-22,84.0999984741211,85.93000030517578,77.68000030517578,85.5999984741211,55.10826873779297,388024300
2002-07-29,87.5,91.55000305175781,85.62000274658203,86.79000091552734,55.87440490722656,264039800
2002-08-05,86.48999786376953,91.94000244140625,83.55000305175781,91.29000091552734,58.77144241333008,245429700
2002-08-12,89.98999786376953,94.08000183105469,88.0199966430664,93.22000122070312,60.013938903808594,215024600
2002-08-19,93.45999908447266,97.1500015258789,93.0999984741211,94.5999984741211,60.90235900878906,175923300
2002-08-26,94.91000366210938,96.25,90.80999755859375,91.77999877929688,59.08687973022461,181468800
2002-09-02,90.7300033569336,91.0,87.5,90.0,57.94094467163086,233559000
2002-09-09,89.0999984741211,93.33000183105469,88.25,89.66999816894531,57.72848892211914,187858900
2002-09-16,89.30999755859375,91.19000244140625,84.05000305175781,84.3499984741211,54.546958923339844,225332800
2002-09-23,83.6500015258789,85.97000122070312,81.8499984741211,82.75,53.51227951049805,293981500
2002-09-30,82.0,85.7699966430664,79.58000183105469,80.80000305175781,52.25128173828125,321074300
2002-10-07,80.05999755859375,84.7300033569336,77.06999969482422,84.16000366210938,54.42412567138672,371732700
2002-10-14,83.19999694824219,89.30000305175781,83.04000091552734,88.63999938964844,57.32125473022461,301912800
2002-10-21,88.12000274658203,90.9000015258789,87.56999969482422,90.19999694824219,58.33000183105469,240391200
2002-10-28,91.1500015258789,91.29000091552734,87.0,90.2699966430664,58.37529754638672,234112400
2002-11-04,91.80000305175781,93.06999969482422,89.5199966430664,89.6500015258789,57.9743537902832,240841900
2002-11-11,89.51000213623047,91.55000305175781,87.44999694824219,91.4000015258789,59.10603332519531,206170000
2002-11-18,92.1500015258789,94.2699966430664,89.76000213623047,93.41999816894531,60.412315368652344,186071800
2002-11-25,93.43000030517578,94.94999694824219,91.62000274658203,93.9800033569336,60.774478912353516,133280800
2002-12-02,95.47000122070312,96.05000305175781,89.9800033569336,92.02999877929688,59.51344299316406,234909400
2002-12-09,91.06999969482422,91.62000274658203,89.2699966430664,89.33999633789062,57.77388000488281,180638300
2002-12-16,89.81999969482422,91.79000091552734,88.5999984741211,89.98999786376953,58.48019027709961,175506000
2002-12-23,89.58999633789062,90.61000061035156,87.37999725341797,87.37999725341797,56.78407287597656,73227600
2002-12-30,87.79000091552734,91.37999725341797,87.11000061035156,91.3499984741211,59.363990783691406,140743500
2003-01-06,91.23999786376953,93.63999938964844,91.05000305175781,93.05999755859375,60.47524642944336,190900900
2003-01-13,93.54000091552734,93.86000061035156,90.1500015258789,90.66000366210938,58.91560745239258,176325100
2003-01-20,90.87000274658203,90.91999816894531,86.16999816894531,86.37999725341797,56.134246826171875,203666400
2003-01-27,85.7300033569336,87.18000030517578,84.1500015258789,86.05999755859375,55.92625427246094,263688600
2003-02-03,86.13999938964844,86.80999755859375,82.97000122070312,83.41999816894531,54.21065139770508,235403000
2003-02-10,83.45999908447266,84.87999725341797,81.0,84.1500015258789,54.685054779052734,245705500
2003-02-17,84.52999877929688,85.80000305175781,83.45999908447266,85.18000030517578,55.35440444946289,161160600
2003-02-24,84.93000030517578,85.2300033569336,82.22000122070312,84.9000015258789,55.17242431640625,219979200
2003-03-03,85.26000213623047,85.77999877929688,81.43000030517578,83.31999969482422,54.14568328857422,223094000
2003-03-10,82.5999984741211,84.7699966430664,79.37999725341797,84.12999725341797,54.672035217285156,287646200
2003-03-17,83.45999908447266,89.87999725341797,83.22000122070312,89.66999816894531,58.507179260253906,327127500
2003-03-24,88.0199966430664,88.26000213623047,85.98999786376953,86.70999908447266,56.57585525512695,257883000
2003-03-31,85.3499984741211,88.98999786376953,84.4000015258789,88.22000122070312,57.561134338378906,250130300
2003-04-07,90.33999633789062,90.8499984741211,85.70999908447266,87.1500015258789,56.86294174194336,254678700
2003-04-14,87.47000122070312,90.05999755859375,87.0,89.55999755859375,58.43547439575195,175612600
2003-04-21,89.86000061035156,92.3499984741211,88.88999938964844,90.2300033569336,58.8725700378418,229653000
2003-04-28,90.44000244140625,93.47000122070312,90.30000305175781,93.20999908447266,60.816959381103516,247601000
2003-05-05,93.47000122070312,94.37999725341797,92.27999877929688,93.7300033569336,61.15624237060547,195430700
2003-05-12,93.5,95.44999694824219,93.27999877929688,94.87000274658203,61.90001678466797,189895200
2003-05-19,94.1500015258789,94.41999816894531,91.58999633789062,93.76000213623047,61.17578887939453,210922100
2003-05-26,93.30000305175781,97.08999633789062,93.06999969482422,96.94999694824219,63.257198333740234,184820000
2003-06-02,97.52999877929688,101.4000015258789,96.66999816894531,99.26000213623047,64.76445007324219,244539900
2003-06-09,98.7699966430664,100.9000015258789,97.7699966430664,99.55999755859375,64.96013641357422,190454900
2003-06-16,99.95999908447266,102.18000030517578,99.41999816894531,99.44000244140625,65.1162338256836,193745800
2003-06-23,99.44999694824219,99.66000366210938,96.95999908447266,97.66000366210938,63.95061492919922,205880600
2003-06-30,98.22000122070312,99.8499984741211,96.43000030517578,98.73999786376953,64.65784454345703,150126700
2003-07-07,99.6500015258789,101.4000015258789,98.62999725341797,100.23999786376953,65.64008331298828,188626100
2003-07-14,101.19999694824219,101.9000015258789,98.16000366210938,99.51000213623047,65.1620864868164,212534300
2003-07-21,99.44999694824219,100.33999633789062,97.8499984741211,100.2300033569336,65.6335678100586,206167000
2003-07-28,100.37000274658203,100.9800033569336,98.23999786376953,98.51000213623047,64.50724029541016,220476400
2003-08-04,98.30999755859375,99.0,96.33999633789062,98.27999877929688,64.35662841796875,237511300
2003-08-11,98.26000213623047,99.8499984741211,97.83999633789062,99.62000274658203,65.23410034179688,162161100
2003-08-18,99.93000030517578,101.81999969482422,99.7300033569336,99.7699966430664,65.33231353759766,180141300
2003-08-25,99.70999908447266,101.4800033569336,98.83000183105469,101.44000244140625,66.42588806152344,143567300
2003-09-01,101.63999938964844,103.69999694824219,101.05000305175781,102.83000183105469,67.3360824584961,154349800
2003-09-08,103.04000091552734,103.87999725341797,101.3499984741211,102.44999694824219,67.08724212646484,194512000
2003-09-15,102.5199966430664,104.69999694824219,101.94999694824219,103.66999816894531,68.14676666259766,155666400
2003-09-22,102.8499984741211,103.29000091552734,99.8499984741211,99.94999694824219,65.70145416259766,206449100
2003-09-29,100.30000305175781,104.27999877929688,99.25,103.38999938964844,67.96269226074219,266732100
2003-10-06,103.4800033569336,105.22000122070312,102.91000366210938,104.56999969482422,68.73838806152344,156499500
2003-10-13,104.70999908447266,105.88999938964844,103.9800033569336,104.26000213623047,68.53457641601562,166894200
2003-10-20,104.44999694824219,105.27999877929688,102.18000030517578,103.58000183105469,68.08758544921875,185854700
2003-10-27,103.73999786376953,105.97000122070312,103.2699966430664,105.30000305175781,69.21823120117188,163256500
2003-11-03,105.75,106.72000122070312,104.9000015258789,105.61000061035156,69.4219970703125,162685200
2003-11-10,105.73999786376953,106.94999694824219,104.80000305175781,105.45999908447266,69.32337951660156,158962700
2003-11-17,104.91000366210938,105.44999694824219,103.62000274658203,104.20999908447266,68.501708984375,198958800
2003-11-24,104.69000244140625,106.66000366210938,104.68000030517578,106.44999694824219,69.97418212890625,110047500
2003-12-01,106.8499984741211,108.08000183105469,106.62000274658203,106.8499984741211,70.23709106445312,178043500
2003-12-08,106.73999786376953,108.19999694824219,105.95999908447266,108.13999938964844,71.08507537841797,192440600
2003-12-15,109.16999816894531,109.7300033569336,107.4800033569336,108.9000015258789,71.92292022705078,165604600
2003-12-22,108.79000091552734,110.08000183105469,108.77999877929688,109.69999694824219,72.45124816894531,68716700
2003-12-29,110.0999984741211,112.19000244140625,109.77999877929688,111.2300033569336,73.46171569824219,111617300
2004-01-05,111.69000244140625,113.5,111.58999633789062,112.38999938964844,74.22785949707031,169125700
2004-01-12,112.55000305175781,114.30999755859375,111.76000213623047,114.2300033569336,75.44309997558594,186248000
2004-01-19,114.52999877929688,115.37999725341797,113.72000122070312,114.43000030517578,75.57515716552734,134721800
2004-01-26,114.38999938964844,116.5,112.55999755859375,113.4800033569336,74.94776916503906,209506200
2004-02-02,113.69999694824219,114.69999694824219,112.77999877929688,114.44999694824219,75.58839416503906,177701300
2004-02-09,114.66999816894531,116.38999938964844,114.16999816894531,115.12999725341797,76.0374984741211,168279700
2004-02-16,115.8499984741211,116.5999984741211,114.31999969482422,114.87999725341797,75.87236785888672,150477300
2004-02-23,115.22000122070312,115.73999786376953,113.02999877929688,115.0199966430664,75.96487426757812,180518600
2004-03-01,115.43000030517578,116.97000122070312,114.91999816894531,116.37999725341797,76.8630599975586,179999000
2004-03-08,116.33999633789062,116.62000274658203,111.0999984741211,112.58000183105469,74.35336303710938,289846500
2004-03-15,112.2699966430664,113.2699966430664,110.83999633789062,111.05999755859375,73.60660552978516,267767600
2004-03-22,110.54000091552734,111.79000091552734,108.8499984741211,111.02999877929688,73.58672332763672,255699700
2004-03-29,111.62999725341797,114.83999633789062,111.58000183105469,114.63999938964844,75.97931671142578,227782600
2004-04-05,114.45999908447266,115.41000366210938,113.73999786376953,114.37000274658203,75.80036163330078,151492900
2004-04-12,114.58000183105469,115.30000305175781,112.36000061035156,113.83000183105469,75.4425048828125,250279500
2004-04-19,113.55000305175781,114.66999816894531,111.77999877929688,114.36000061035156,75.79374694824219,223221500
2004-04-26,114.5,115.12000274658203,110.9000015258789,110.95999908447266,73.54037475585938,247535500
2004-05-03,111.37000274658203,113.26000213623047,109.95999908447266,109.95999908447266,72.87754821777344,235295100
2004-05-10,109.44000244140625,110.80999755859375,108.05999755859375,110.04000091552734,72.93058776855469,325927300
2004-05-17,108.88999938964844,111.18000030517578,108.41000366210938,109.80999755859375,72.77814483642578,225580900
2004-05-24,110.52999877929688,113.02999877929688,109.5999984741211,112.86000061035156,74.79960632324219,194280600
2004-05-31,112.45999908447266,113.58000183105469,111.87000274658203,112.9800033569336,74.87916564941406,152246700
2004-06-07,113.43000030517578,114.91999816894531,113.41999816894531,114.3499984741211,75.78711700439453,122938900
2004-06-14,113.81999969482422,114.44999694824219,112.87000274658203,113.62999725341797,75.5848159790039,158913600
2004-06-21,113.75,114.94000244140625,112.66999816894531,113.83999633789062,75.72451782226562,166308000
2004-06-28,114.5199966430664,114.79000091552734,112.58000183105469,112.87999725341797,75.08590698242188,213823000
2004-07-05,112.37000274658203,112.56999969482422,111.19999694824219,111.7300033569336,74.32096862792969,141242000
2004-07-12,111.5199966430664,112.38999938964844,110.44000244140625,110.70999908447266,73.64244079589844,195807400
2004-07-19,110.75,112.05999755859375,108.69000244140625,108.95999908447266,72.47846221923828,264601300
2004-07-26,109.19000244140625,110.9000015258789,108.20999908447266,110.83999633789062,73.72897338867188,260618700
2004-08-02,110.19000244140625,111.36000061035156,106.62000274658203,106.8499984741211,71.07488250732422,245476100
2004-08-09,107.0199966430664,108.41000366210938,106.58999633789062,107.19000244140625,71.30104064941406,237930700
2004-08-16,107.13999938964844,110.62999725341797,107.0999984741211,110.4800033569336,73.48951721191406,214351400
2004-08-23,110.55000305175781,111.62999725341797,109.8499984741211,111.44999694824219,74.13472747802734,154282000
2004-08-30,111.22000122070312,112.81999969482422,110.0999984741211,112.12000274658203,74.58038330078125,196847200
2004-09-06,112.54000091552734,113.2699966430664,112.02999877929688,113.05999755859375,75.2056655883789,132517300
2004-09-13,113.30999755859375,113.73999786376953,112.68000030517578,113.1500015258789,75.5788345336914,168336700
2004-09-20,112.66999816894531,113.47000122070312,110.94999694824219,111.45999908447266,74.44998168945312,206162100
2004-09-27,111.0999984741211,113.6500015258789,110.41000366210938,113.6500015258789,75.91279602050781,220704700
2004-10-04,114.0999984741211,114.68000030517578,112.3499984741211,112.51000213623047,75.15135192871094,203552200
2004-10-11,112.77999877929688,113.06999969482422,110.56999969482422,111.26000213623047,74.3163833618164,243760800
2004-10-18,110.88999938964844,112.2300033569336,109.75,109.98999786376953,73.46809387207031,258476200
2004-10-25,109.75,113.63999938964844,109.3499984741211,113.19999694824219,75.6122055053711,275457800
2004-11-01,113.55999755859375,117.63999938964844,113.19999694824219,117.27999877929688,78.33745574951172,288528600
2004-11-08,116.9800033569336,119.0,116.72000122070312,118.79000091552734,79.34606170654297,217234200
2004-11-15,118.5,119.13999938964844,117.13999938964844,117.41999816894531,78.66340637207031,215951400
2004-11-22,117.16999816894531,118.9800033569336,117.02999877929688,118.3499984741211,79.28646850585938,124741500
2004-11-29,118.79000091552734,120.13999938964844,117.4800033569336,119.25,79.88939666748047,274275700
2004-12-06,119.20999908447266,119.63999938964844,117.7300033569336,119.33000183105469,79.94300842285156,237724200
2004-12-13,119.76000213623047,121.23999786376953,119.16000366210938,119.44000244140625,80.3946762084961,249144600
2004-12-20,119.75,121.27999877929688,119.16999816894531,120.7699966430664,81.28987121582031,137428400
2004-12-27,121.19999694824219,121.66000366210938,120.38999938964844,120.87000274658203,81.35721588134766,125743300
2005-01-03,121.55999755859375,121.76000213623047,118.0,118.44000244140625,79.72154235839844,294245300
2005-01-10,118.33999633789062,119.45999908447266,117.5,118.23999786376953,79.58694458007812,289953500
2005-01-17,118.05000305175781,119.62000274658203,116.6500015258789,116.77999877929688,78.60424041748047,246980300
2005-01-24,117.08999633789062,117.75,116.37000274658203,117.43000030517578,79.0417251586914,300499700
2005-01-31,117.94999694824219,120.43000030517578,117.70999908447266,120.2300033569336,80.92639923095703,253704500
2005-02-07,120.25,121.04000091552734,119.25,120.7699966430664,81.28987121582031,238946500
2005-02-14,120.69000244140625,121.45999908447266,119.9000015258789,120.38999938964844,81.03412628173828,237655100
2005-02-21,119.9000015258789,121.66999816894531,118.58000183105469,121.43000030517578,81.73410034179688,278453700
2005-02-28,121.1500015258789,122.83000183105469,120.04000091552734,122.7300033569336,82.609130859375,298301500
2005-03-07,122.66000366210938,123.25,120.16000366210938,120.38999938964844,81.03412628173828,284193500
2005-03-14,120.61000061035156,121.45999908447266,118.1500015258789,118.54000091552734,80.10230255126953,296465300
2005-03-21,118.70999908447266,118.93000030517578,116.75,117.13999938964844,79.15628814697266,276466500
2005-03-28,117.41999816894531,118.98999786376953,116.25,117.43000030517578,79.35218811035156,339758600
2005-04-04,117.36000061035156,119.26000213623047,116.73999786376953,118.0,79.73739624023438,282210800
2005-04-11,118.29000091552734,119.05999755859375,114.0999984741211,114.1500015258789,77.13577270507812,421835900
2005-04-18,114.12000274658203,116.5,113.55000305175781,115.56999969482422,78.09534454345703,448499200
2005-04-25,115.86000061035156,116.7699966430664,113.97000122070312,115.75,78.21694946289062,385517300
2005-05-02,116.06999969482422,118.0,115.5199966430664,117.08999633789062,79.12245178222656,387404500
2005-05-09,117.20999908447266,118.08000183105469,114.80000305175781,115.72000122070312,78.1966552734375,390365200
2005-05-16,115.69999694824219,119.41000366210938,115.66000366210938,119.12000274658203,80.49423217773438,296337300
2005-05-23,119.20999908447266,120.25,118.83000183105469,120.25,81.2577896118164,217163100
2005-05-30,120.08000183105469,120.91999816894531,119.4000015258789,120.1500015258789,81.19019317626953,213692100
2005-06-06,119.94999694824219,121.25,119.44000244140625,120.19999694824219,81.22401428222656,242547500
2005-06-13,119.94000244140625,121.9000015258789,119.80999755859375,121.36000061035156,82.3388671875,234529800
2005-06-20,121.08000183105469,121.94000244140625,118.83999633789062,118.9800033569336,80.72411346435547,247967400
2005-06-27,118.97000122070312,120.4000015258789,118.75,119.52999877929688,81.09725952148438,243700800
2005-07-04,119.25,121.31999969482422,118.26000213623047,121.31999969482422,82.31169891357422,271672600
2005-07-11,121.33000183105469,123.44000244140625,121.30999755859375,122.83999633789062,83.34298706054688,262456400
2005-07-18,122.5,123.7300033569336,122.05000305175781,123.54000091552734,83.81790161132812,338959100
2005-07-25,123.41000366210938,124.63999938964844,122.8499984741211,123.73999786376953,83.95359802246094,253480800
2005-08-01,123.83000183105469,124.73999786376953,122.66999816894531,122.87999725341797,83.37010955810547,226853900
2005-08-08,123.1500015258789,124.5,122.37999725341797,123.05999755859375,83.49224853515625,280996800
2005-08-15,123.22000122070312,123.87000274658203,121.83999633789062,122.47000122070312,83.09194946289062,263656400
2005-08-22,122.58000183105469,123.2300033569336,120.68000030517578,120.76000213623047,81.9317855834961,301773100
2005-08-29,120.41000366210938,123.1500015258789,120.37999725341797,122.2699966430664,82.95625305175781,355516700
2005-09-05,122.66000366210938,124.73999786376953,122.6500015258789,124.5999984741211,84.53707122802734,181163600
2005-09-12,124.44999694824219,124.66999816894531,122.87000274658203,123.5,84.1474609375,297720700
2005-09-19,123.47000122070312,123.61000061035156,120.44000244140625,121.44000244140625,82.74386596679688,376270000
2005-09-26,122.0199966430664,123.04000091552734,121.0199966430664,123.04000091552734,83.83405303955078,309618600
2005-10-03,122.95999908447266,123.33999633789062,118.16999816894531,119.61000061035156,81.49695587158203,434426400
2005-10-10,119.68000030517578,119.70999908447266,116.87999725341797,118.66999816894531,80.85649871826172,416521100
2005-10-17,118.80000305175781,119.80999755859375,117.12000274658203,118.12999725341797,80.48859405517578,488216200
2005-10-24,118.44000244140625,120.54000091552734,117.93000030517578,119.80000305175781,81.62643432617188,367703800
2005-10-31,120.29000091552734,122.66000366210938,120.12999725341797,122.11000061035156,83.2003402709961,362129900
2005-11-07,122.37000274658203,123.83999633789062,121.75,123.76000213623047,84.32464599609375,260500100
2005-11-14,123.79000091552734,125.27999877929688,122.86000061035156,125.12999725341797,85.25804138183594,293972400
2005-11-21,125.1500015258789,127.41000366210938,124.9800033569336,127.12999725341797,86.62076568603516,182584700
2005-11-28,127.25,127.2699966430664,125.29000091552734,126.8499984741211,86.43000793457031,274412200
2005-12-05,126.69999694824219,127.73999786376953,125.4800033569336,126.33000183105469,86.07569885253906,297378200
2005-12-12,126.70999908447266,128.08999633789062,125.95999908447266,126.36000061035156,86.55250549316406,303534400
2005-12-19,126.7300033569336,126.87000274658203,125.4800033569336,126.76000213623047,86.8265380859375,207368300
2005-12-26,126.95999908447266,127.05000305175781,124.36000061035156,124.51000213623047,85.28533172607422,152698300
2006-01-02,125.19000244140625,128.5800018310547,124.38999938964844,128.44000244140625,87.97724914550781,235349700
2006-01-09,128.4199981689453,129.44000244140625,128.1999969482422,128.67999267578125,88.14163970947266,223453000
2006-01-16,128.1999969482422,128.89999389648438,125.97000122070312,125.97000122070312,86.285400390625,323622400
2006-01-23,126.20999908447266,128.66000366210938,125.83999633789062,128.5399932861328,88.04576110839844,344839100
2006-01-30,128.44000244140625,128.80999755859375,126.13999938964844,126.2699966430664,86.49085998535156,339874900
2006-02-06,126.44000244140625,128.10000610351562,125.4000015258789,126.63999938964844,86.74430847167969,302674200
2006-02-13,126.5999984741211,129.2100067138672,125.94999694824219,128.80999755859375,88.230712890625,330104900
2006-02-20,129.11000061035156,129.64999389648438,128.27999877929688,129.41000366210938,88.64163970947266,168983600
2006-02-27,129.39999389648438,130.07000732421875,128.1300048828125,128.75999450683594,88.1964340209961,292939800
2006-03-06,129.13999938964844,129.17999267578125,127.18000030517578,128.58999633789062,88.08000183105469,302756000
2006-03-13,128.83999633789062,131.47000122070312,128.52999877929688,130.6199951171875,89.82625579833984,281568500
2006-03-20,130.63999938964844,130.99000549316406,129.4499969482422,130.2100067138672,89.54434204101562,274160300
2006-03-27,130.02999877929688,130.97999572753906,129.0500030517578,129.8300018310547,89.28300476074219,309605900
2006-04-03,130.07000732421875,131.39999389648438,129.35000610351562,129.5399932861328,89.08354949951172,305128300
2006-04-10,129.74000549316406,130.0800018310547,128.25,128.7100067138672,88.5128173828125,208381400
2006-04-17,128.8300018310547,131.86000061035156,128.02000427246094,131.14999389648438,90.19075012207031,402316600
2006-04-24,130.88999938964844,131.75,129.58999633789062,131.47000122070312,90.41082000732422,384501600
2006-05-01,131.47000122070312,132.8000030517578,130.32000732421875,132.52000427246094,91.13290405273438,280384700
2006-05-08,132.50999450683594,132.77000427246094,129.19000244140625,129.24000549316406,88.87725830078125,296612300
2006-05-15,128.7899932861328,130.0,125.80000305175781,127.0999984741211,87.40559387207031,503172100
2006-05-22,126.27999877929688,128.3800048828125,124.76000213623047,128.3800048828125,88.28581237792969,513231900
2006-05-29,127.97000122070312,129.42999267578125,126.05000305175781,129.0,88.71221923828125,324770400
2006-06-05,128.85000610351562,128.86000061035156,123.87000274658203,125.3499984741211,86.2021484375,625132500
2006-06-12,125.87999725341797,126.36000061035156,122.33999633789062,124.6500015258789,86.09965515136719,673381600
2006-06-19,125.4000015258789,125.69999694824219,123.55000305175781,124.44000244140625,85.95460510253906,364980400
2006-06-26,124.54000091552734,127.66000366210938,123.6500015258789,127.27999877929688,87.91625213623047,334910500
2006-07-03,127.43000030517578,128.00999450683594,126.29000091552734,126.61000061035156,87.45346069335938,225294200
2006-07-10,126.94000244140625,127.43000030517578,122.83000183105469,123.5199966430664,85.31914520263672,422814400
2006-07-17,123.5199966430664,126.30000305175781,122.38999938964844,123.94999694824219,85.61616516113281,551315100
2006-07-24,124.44000244140625,128.13999938964844,124.44000244140625,127.9800033569336,88.39979553222656,442284600
2006-07-31,127.66000366210938,129.42999267578125,126.5999984741211,128.1999969482422,88.55176544189453,339577600
2006-08-07,127.9000015258789,128.60000610351562,126.27999877929688,127.01000213623047,87.72980499267578,331993700
2006-08-14,127.62999725341797,130.69000244140625,126.91999816894531,130.69000244140625,90.27166748046875,327000800
2006-08-21,130.17999267578125,130.52000427246094,129.19000244140625,129.80999755859375,89.663818359375,269304600
2006-08-28,129.64999389648438,131.5800018310547,129.63999938964844,131.4199981689453,90.77592468261719,250856300
2006-09-04,131.50999450683594,131.85000610351562,129.35000610351562,130.27999877929688,89.98846435546875,237509600
2006-09-11,129.86000061035156,132.4499969482422,129.47999572753906,131.9600067138672,91.5497817993164,335779100
2006-09-18,131.7899932861328,132.77000427246094,131.0,131.47000122070312,91.20982360839844,386346600
2006-09-25,131.72999572753906,133.99000549316406,131.0500030517578,133.5800018310547,92.67366027832031,355258100
2006-10-02,133.5399932861328,135.41000366210938,132.64999389648438,135.00999450683594,93.66578674316406,331175500
2006-10-09,134.85000610351562,136.7100067138672,134.3000030517578,136.6300048828125,94.78968048095703,314754900
2006-10-16,136.52000427246094,137.3699951171875,135.6699981689453,136.83999633789062,94.93536376953125,331779900
2006-10-23,136.55999755859375,139.0,136.38999938964844,137.91000366210938,95.67769622802734,344641900
2006-10-30,137.66000366210938,138.30999755859375,135.6199951171875,136.5399932861328,94.72722625732422,336037000
2006-11-06,136.9600067138672,139.13999938964844,136.86000061035156,138.24000549316406,95.90664672851562,359047800
2006-11-13,138.17999267578125,140.67999267578125,138.07000732421875,140.4199981689453,97.41903686523438,365694400
2006-11-20,140.3000030517578,141.16000366210938,139.94000244140625,140.35000610351562,97.37049102783203,197045400
2006-11-27,140.27999877929688,141.0500030517578,138.11000061035156,140.22000122070312,97.2802734375,491307200
2006-12-04,140.25,142.3000030517578,140.22999572753906,141.4199981689453,98.11283111572266,356923700
2006-12-11,141.4199981689453,143.24000549316406,140.88999938964844,142.33999633789062,99.30130767822266,308363800
2006-12-18,142.5399932861328,142.8800048828125,140.6699981689453,140.75,98.19204711914062,266215300
2006-12-25,140.80999755859375,142.6999969482422,140.77999877929688,141.6199951171875,98.79900360107422,155174000
2007-01-01,142.25,142.86000061035156,140.3800048828125,140.5399932861328,98.04556274414062,241073500
2007-01-08,140.82000732421875,143.24000549316406,140.25,143.24000549316406,99.92918395996094,329610500
2007-01-15,143.07000732421875,143.4600067138672,142.30999755859375,142.82000732421875,99.63617706298828,220263000
2007-01-22,143.07000732421875,143.97999572753906,141.5800018310547,142.1300048828125,99.15477752685547,310992100
2007-01-29,142.19000244140625,144.9499969482422,141.74000549316406,144.80999755859375,101.02442932128906,347310200
2007-02-05,144.6999969482422,145.36000061035156,143.38999938964844,143.94000244140625,100.4174575805664,308181700
2007-02-12,143.94000244140625,145.9499969482422,143.19000244140625,145.72999572753906,101.66630554199219,274335200
2007-02-19,145.55999755859375,146.4199981689453,145.0,145.3000030517578,101.36628723144531,271917000
2007-02-26,145.8300018310547,145.9499969482422,138.0500030517578,138.6699981689453,96.74100494384766,896598200
2007-03-05,137.92999267578125,141.4199981689453,137.3300018310547,140.77999877929688,98.21293640136719,627885300
2007-03-12,140.4199981689453,141.33999633789062,136.75,138.52999877929688,97.02665710449219,756793400
2007-03-19,139.25999450683594,143.80999755859375,139.14999389648438,143.38999938964844,100.4305648803711,524036300
2007-03-26,143.5,143.64999389648438,140.55999755859375,142.0,99.45698547363281,634186800
2007-04-02,142.16000366210938,144.44000244140625,141.47999572753906,144.24000549316406,101.02591705322266,272652200
2007-04-09,144.64999389648438,145.32000732421875,143.33999633789062,145.32000732421875,101.7823486328125,413774500
2007-04-16,145.8300018310547,148.6199951171875,145.82000732421875,148.6199951171875,104.09365844726562,506895800
2007-04-23,148.3699951171875,149.8000030517578,147.32000732421875,149.52999877929688,104.73103332519531,497093300
2007-04-30,149.63999938964844,151.1199951171875,147.6699981689453,150.9199981689453,105.7046127319336,505325300
2007-05-07,150.8800048828125,152.82000732421875,149.27000427246094,150.86000061035156,105.66259765625,513142200
2007-05-14,150.86000061035156,152.6199951171875,149.7899932861328,152.6199951171875,106.8952865600586,603182100
2007-05-21,152.5800018310547,153.5,150.74000549316406,151.69000244140625,106.243896484375,661502200
2007-05-28,151.94000244140625,154.39999389648438,151.33999633789062,154.0800018310547,107.9178466796875,433672000
2007-06-04,153.5399932861328,154.38999938964844,149.05999755859375,151.0399932861328,105.78865814208984,777324100
2007-06-11,150.92999267578125,153.66000366210938,149.5500030517578,153.07000732421875,107.67255401611328,829549100
2007-06-18,153.3800048828125,153.5800018310547,149.85000610351562,150.5500030517578,105.89994049072266,786735600
2007-06-25,150.24000549316406,151.64999389648438,148.05999755859375,150.42999267578125,105.81549072265625,1001504900
2007-07-02,150.8699951171875,153.1699981689453,150.77000427246094,152.97999572753906,107.60922241210938,327793400
2007-07-09,153.16000366210938,155.4600067138672,150.52000427246094,154.85000610351562,108.9246826171875,673995100
2007-07-16,154.99000549316406,155.52999877929688,152.8300018310547,153.5,107.9749984741211,853182600
2007-07-23,154.17999267578125,154.72000122070312,145.0500030517578,145.11000061035156,102.07335662841797,1533710900
2007-07-30,145.92999267578125,149.4600067138672,143.1999969482422,143.8000030517578,101.15184020996094,1721820800
2007-08-06,144.2100067138672,150.58999633789062,142.52999877929688,144.7100067138672,101.79196166992188,1601119800
2007-08-13,146.5,146.88999938964844,137.0,144.7100067138672,101.79196166992188,1704847500
2007-08-20,145.1699981689453,148.3300018310547,143.2899932861328,148.3300018310547,104.3383560180664,850360700
2007-08-27,147.85000610351562,148.5,143.4600067138672,147.58999633789062,103.81780242919922,917764000
2007-09-03,147.4499969482422,149.97999572753906,145.25999450683594,146.07000732421875,102.74859619140625,649649800
2007-09-10,146.52000427246094,149.4499969482422,144.3300018310547,148.89999389648438,104.73929595947266,779932400
2007-09-17,148.30999755859375,154.38999938964844,147.6300048828125,151.97000122070312,107.40591430664062,884054500
2007-09-24,152.4199981689453,153.19000244140625,150.47000122070312,152.5800018310547,107.8370361328125,653372500
2007-10-01,152.60000610351562,156.10000610351562,152.5,155.85000610351562,110.14813232421875,591641100
2007-10-08,155.38999938964844,157.52000427246094,154.5399932861328,156.3300018310547,110.48739624023438,625121600
2007-10-15,156.27000427246094,156.47999572753906,149.66000366210938,149.6699981689453,105.78038787841797,989902300
2007-10-22,148.86000061035156,153.6199951171875,148.66000366210938,153.6199951171875,108.57203674316406,1182627600
2007-10-29,153.92999267578125,155.27000427246094,149.2100067138672,151.1999969482422,106.8617172241211,1125046000
2007-11-05,149.63999938964844,152.11000061035156,144.88999938964844,145.13999938964844,102.57880401611328,1363536200
2007-11-12,145.2100067138672,149.39999389648438,143.6999969482422,145.7899932861328,103.03812408447266,1236645700
2007-11-19,145.27999877929688,145.52999877929688,141.6699981689453,144.1300048828125,101.86493682861328,1019214300
2007-11-26,144.42999267578125,149.8699951171875,140.66000366210938,148.66000366210938,105.06654357910156,1189044700
2007-12-03,148.19000244140625,151.5,146.30999755859375,150.91000366210938,106.65675354003906,757531800
2007-12-10,151.27999877929688,152.88999938964844,147.10000610351562,147.1699981689453,104.0134506225586,1093400500
2007-12-17,146.61000061035156,148.4199981689453,143.9600067138672,148.1300048828125,105.24758911132812,982654100
2007-12-24,148.82000732421875,149.67999267578125,146.89999389648438,147.3000030517578,104.65789031982422,352074300
2007-12-31,147.10000610351562,147.61000061035156,140.91000366210938,141.30999755859375,100.40194702148438,670526600
2008-01-07,141.80999755859375,142.89999389648438,137.6999969482422,140.14999389648438,99.5777587890625,1465959400
2008-01-14,141.16000366210938,141.86000061035156,131.10000610351562,132.05999755859375,93.8297348022461,1535562300
2008-01-21,127.20999908447266,136.75999450683594,126.0,133.0399932861328,94.5260238647461,1477389900
2008-01-28,133.25999450683594,139.61000061035156,132.05999755859375,139.5800018310547,99.17273712158203,1272366500
2008-02-04,139.2100067138672,139.3000030517578,131.72999572753906,133.07000732421875,94.54730224609375,1181381300
2008-02-11,133.10000610351562,137.05999755859375,132.0399932861328,135.13999938964844,96.01807403564453,996516000
2008-02-18,136.72000122070312,137.00999450683594,132.86000061035156,135.6199951171875,96.3591537475586,771817900
2008-02-25,135.5399932861328,139.13999938964844,132.77999877929688,133.82000732421875,95.08023071289062,994469800
2008-03-03,133.13999938964844,134.77000427246094,128.5800018310547,129.7100067138672,92.16002655029297,1317024300
2008-03-10,129.83999633789062,133.77000427246094,127.58999633789062,129.61000061035156,92.08895111083984,1642477300
2008-03-17,126.56999969482422,134.64999389648438,126.06999969482422,132.0800018310547,94.30852508544922,1331020000
2008-03-24,133.30999755859375,135.80999755859375,131.05999755859375,131.50999450683594,93.90152740478516,1004908100
2008-03-31,131.2899932861328,137.9600067138672,131.08999633789062,136.88999938964844,97.7430191040039,1012481800
2008-04-07,137.8699951171875,138.57000732421875,133.00999450683594,133.3800048828125,95.2367935180664,914734500
2008-04-14,133.19000244140625,139.55999755859375,132.3300018310547,138.47999572753906,98.87832641601562,920376400
2008-04-21,138.22999572753906,139.88999938964844,136.89999389648438,139.60000610351562,99.67802429199219,894231800
2008-04-28,139.8800048828125,142.3699951171875,138.25999450683594,141.50999450683594,101.041748046875,808385200
2008-05-05,141.0500030517578,142.1999969482422,138.4499969482422,138.89999389648438,99.17816925048828,828021000
2008-05-12,139.25,142.8699951171875,138.72999572753906,142.66000366210938,101.86293029785156,860072700
2008-05-19,142.80999755859375,144.3000030517578,137.52000427246094,137.63999938964844,98.27852630615234,949138100
2008-05-26,137.8000030517578,140.92999267578125,137.52999877929688,140.35000610351562,100.21356964111328,640900200
2008-06-02,139.8300018310547,140.88999938964844,136.22000122070312,136.2899932861328,97.31458282470703,1321816700
2008-06-09,136.86000061035156,137.5,133.52000427246094,136.14999389648438,97.21460723876953,1269907600
2008-06-16,135.5500030517578,137.1199951171875,131.22000122070312,131.5800018310547,94.42143249511719,1236913800
2008-06-23,132.08999633789062,133.39999389648438,127.04000091552734,127.52999877929688,91.51518249511719,1321449300
2008-06-30,127.88999938964844,129.16000366210938,124.98999786376953,126.30999755859375,90.63970947265625,1174881700
2008-07-07,126.79000091552734,127.73999786376953,122.48999786376953,123.83999633789062,88.86724853515625,2002730700
2008-07-14,125.26000213623047,126.41999816894531,120.0199966430664,125.9800033569336,90.40293884277344,1839386900
2008-07-21,126.51000213623047,129.14999389648438,124.8499984741211,125.4800033569336,90.04411315917969,1299231100
2008-07-28,125.51000213623047,128.60000610351562,123.41999816894531,126.16000366210938,90.53207397460938,1347509900
2008-08-04,126.04000091552734,129.92999267578125,124.76000213623047,129.3699951171875,92.83554077148438,1156496800
2008-08-11,129.47000122070312,131.50999450683594,127.66999816894531,130.1699981689453,93.40960693359375,1139575900
2008-08-18,130.42999267578125,130.47999572753906,126.33999633789062,129.64999389648438,93.03652954101562,940772100
2008-08-25,128.8000030517578,130.33999633789062,126.58000183105469,128.7899932861328,92.41934204101562,858819800
2008-09-01,130.02999877929688,130.7100067138672,122.0,124.41999816894531,89.28343963623047,1133857800
2008-09-08,128.0399932861328,128.24000549316406,121.5999984741211,126.08999633789062,90.4818344116211,1713539300
2008-09-15,121.62999725341797,128.0,113.80000305175781,124.12000274658203,89.58370208740234,2966649400
2008-09-22,124.44999694824219,124.75,117.79000091552734,120.8499984741211,87.22359466552734,1503425700
2008-09-29,119.13999938964844,119.33999633789062,109.68000030517578,110.33999633789062,79.63797760009766,1947635500
2008-10-06,107.1500015258789,107.62000274658203,83.58000183105469,88.5,63.87495422363281,3281575900
2008-10-13,93.87000274658203,105.52999877929688,86.54000091552734,93.20999908447266,67.2744140625,2671940000
2008-10-20,95.3499984741211,99.0999984741211,84.0,87.04000091552734,62.82122039794922,2374443200
2008-10-27,85.97000122070312,98.56999969482422,83.69999694824219,96.83000183105469,69.88713836669922,2394474300
2008-11-03,96.77999877929688,100.86000061035156,90.05999755859375,93.86000061035156,67.7435302734375,1798169800
2008-11-10,95.20999908447266,95.52999877929688,82.08999633789062,86.62000274658203,62.518070220947266,2468096000
2008-11-17,86.37999725341797,88.55999755859375,74.33999633789062,79.5199966430664,57.393638610839844,3030111200
2008-11-24,81.91999816894531,90.12999725341797,80.36000061035156,90.08999633789062,65.0225601196289,1465860000
2008-12-01,87.51000213623047,88.41999816894531,81.86000061035156,87.93000030517578,63.46354675292969,2275378100
2008-12-08,90.33999633789062,92.37999725341797,85.19999694824219,88.98999786376953,64.22860717773438,1959958100
2008-12-15,89.0199966430664,92.43000030517578,86.29000091552734,88.19000244140625,64.16793060302734,1592338100
2008-12-22,88.58000183105469,88.66999816894531,85.48999786376953,87.16000366210938,63.4184684753418,602214000
2008-12-29,87.23999786376953,93.44000244140625,85.5999984741211,92.95999908447266,67.63858795166016,717605700
2009-01-05,92.62999725341797,94.44999694824219,85.36000061035156,89.08999633789062,64.82276916503906,1444297800
2009-01-12,88.83999633789062,88.91000366210938,81.72000122070312,85.05999755859375,61.89053726196289,2001666900
2009-01-19,84.2300033569336,85.05999755859375,80.05000305175781,83.11000061035156,60.471675872802734,1598956800
2009-01-26,83.58999633789062,87.94999694824219,82.20999908447266,82.83000183105469,60.26792526245117,1599551600
2009-02-02,81.56999969482422,87.33999633789062,77.7300033569336,86.9800033569336,63.28752136230469,1673389500
2009-02-09,86.95999908447266,87.73999786376953,81.05000305175781,82.76000213623047,60.21701431274414,1864031100
2009-02-16,80.16000366210938,82.95999908447266,75.7699966430664,77.41999816894531,56.33155059814453,1635919000
2009-02-23,78.2699966430664,79.66999816894531,73.80999755859375,73.93000030517578,53.79221725463867,2101752900
2009-03-02,72.5199966430664,73.91999816894531,67.0999984741211,68.91999816894531,50.14686965942383,2308986100
2009-03-09,67.94999694824219,76.9800033569336,67.7300033569336,76.08999633789062,55.36383819580078,1889958900
2009-03-16,76.95999908447266,81.0,75.44999694824219,76.70999908447266,56.214439392089844,1990331000
2009-03-23,78.73999786376953,83.30000305175781,78.30999755859375,81.61000061035156,59.80525207519531,1936336900
2009-03-30,79.80000305175781,84.61000061035156,77.95999908447266,84.26000213623047,61.74724578857422,1826242100
2009-04-06,83.33999633789062,85.81999969482422,81.51000213623047,85.80999755859375,62.88310623168945,1023870700
2009-04-13,84.91999816894531,87.6500015258789,83.61000061035156,87.08000183105469,63.813777923583984,1350024300
2009-04-20,85.54000091552734,87.30999755859375,82.75,86.66000366210938,63.50596618652344,1360782900
2009-04-27,85.68000030517578,89.0199966430664,84.76000213623047,87.88999938964844,64.4073486328125,1386543700
2009-05-04,88.55000305175781,93.22000122070312,88.37999725341797,92.9800033569336,68.13741302490234,1438907000
2009-05-11,91.69999694824219,92.11000061035156,88.1500015258789,88.70999908447266,65.00827026367188,1331575400
2009-05-18,89.55000305175781,92.80000305175781,88.26000213623047,89.0199966430664,65.23544311523438,1159072100
2009-05-25,88.36000061035156,93.69999694824219,88.31999969482422,92.52999877929688,67.80763244628906,1030070800
2009-06-01,93.66999816894531,95.66999816894531,92.76000213623047,94.55000305175781,69.2879409790039,1236792000
2009-06-08,93.83999633789062,96.11000061035156,93.04000091552734,95.08000183105469,69.67630004882812,1219567000
2009-06-15,93.95999908447266,94.0199966430664,90.83000183105469,92.04000091552734,67.82957458496094,1102335400
2009-06-22,91.13999938964844,92.23999786376953,88.8499984741211,91.83999633789062,67.68214416503906,1098791100
2009-06-29,92.11000061035156,93.2300033569336,89.76000213623047,89.80999755859375,66.18612670898438,782720500
2009-07-06,88.94000244140625,89.93000030517578,87.0,87.95999908447266,64.82279205322266,956936900
2009-07-13,88.30999755859375,94.51000213623047,87.58999633789062,94.12999725341797,69.36980438232422,989515000
2009-07-20,94.68000030517578,98.13999938964844,94.19000244140625,98.05999755859375,72.26604461669922,990764400
2009-07-27,97.87999725341797,99.83000183105469,96.9800033569336,98.80999755859375,72.81874084472656,973277300
2009-08-03,99.8499984741211,102.02999877929688,99.30999755859375,101.19999694824219,74.580078125,951062600
2009-08-10,100.73999786376953,101.61000061035156,99.45999908447266,100.79000091552734,74.27791595458984,883317700
2009-08-17,98.8499984741211,103.12999725341797,98.11000061035156,102.97000122070312,75.88451385498047,1002678100
2009-08-24,103.38999938964844,104.3499984741211,101.94000244140625,103.37999725341797,76.1866455078125,944464800
2009-08-31,102.37000274658203,103.23999786376953,99.56999969482422,102.05999755859375,75.21385955810547,955393600
2009-09-07,103.0,105.30000305175781,102.38999938964844,104.7699966430664,77.2110366821289,602784100
2009-09-14,103.87999725341797,108.05999755859375,103.1500015258789,106.72000122070312,79.02268981933594,935766000
2009-09-21,105.88999938964844,108.02999877929688,104.08999633789062,104.44999694824219,77.34183502197266,953661900
2009-09-28,104.8499984741211,107.0199966430664,101.98999786376953,102.48999786376953,75.89053344726562,1012992100
2009-10-05,102.9000015258789,107.26000213623047,102.5999984741211,107.26000213623047,79.42256927490234,829880500
2009-10-12,107.76000213623047,109.70999908447266,106.76000213623047,108.88999938964844,80.6295166015625,833088300
2009-10-19,109.06999969482422,110.30999755859375,107.5,108.08000183105469,80.02970886230469,1044308000
2009-10-26,108.19999694824219,109.30999755859375,103.44000244140625,103.55999755859375,76.68283081054688,1267834600
2009-11-02,104.12999725341797,107.4000015258789,103.08000183105469,107.12999725341797,79.32627868652344,1081551600
2009-11-09,107.94999694824219,110.81999969482422,107.87000274658203,109.62000274658203,81.17007446289062,808969200
2009-11-16,110.37999725341797,111.69000244140625,109.01000213623047,109.43000030517578,81.02938079833984,857473700
2009-11-23,110.72000122070312,111.73999786376953,108.29000091552734,109.56999969482422,81.13304901123047,521996900
2009-11-30,109.4800033569336,112.37999725341797,108.12000274658203,111.01000213623047,82.19930267333984,895036300
2009-12-07,110.91000366210938,111.52999877929688,109.0199966430664,111.11000061035156,82.27335357666016,715769500
2009-12-14,111.87000274658203,112.12999725341797,109.27999877929688,110.20999908447266,82.0462646484375,740889800
2009-12-21,110.76000213623047,112.5999984741211,110.76000213623047,112.4800033569336,83.73619842529297,361207700
2009-12-28,112.9000015258789,113.02999877929688,111.38999938964844,111.44000244140625,82.96200561523438,331857300
2010-01-04,112.37000274658203,114.62000274658203,111.51000213623047,114.56999969482422,85.2921142578125,604092800
2010-01-11,115.08000183105469,115.13999938964844,113.19999694824219,113.63999938964844,84.59973907470703,759533100
2010-01-18,113.62000274658203,115.12999725341797,109.08999633789062,109.20999908447266,81.30181121826172,1046464900
2010-01-25,110.20999908447266,110.47000122070312,107.22000122070312,107.38999938964844,79.94692993164062,1296751500
2010-02-01,108.1500015258789,110.58999633789062,104.58000183105469,106.66000366210938,79.40348052978516,1427225100
2010-02-08,106.73999786376953,108.25,105.80999755859375,108.04000091552734,80.43081665039062,1330712600
2010-02-15,108.86000061035156,111.56999969482422,107.81999969482422,111.13999938964844,82.73861694335938,744556100
2010-02-22,111.55000305175781,111.58000183105469,108.94000244140625,110.73999786376953,82.44083404541016,949418600
2010-03-01,111.19999694824219,114.33999633789062,111.16999816894531,114.25,85.0538558959961,771376300
2010-03-08,114.26000213623047,115.97000122070312,113.87000274658203,115.45999908447266,85.95466613769531,778142600
2010-03-15,115.26000213623047,117.4800033569336,114.5999984741211,115.97000122070312,86.68985748291016,916108100
2010-03-22,115.30999755859375,118.16999816894531,115.23999786376953,116.58000183105469,87.1458511352539,992696800
2010-03-29,117.16999816894531,118.25,116.61000061035156,117.80000305175781,88.05781555175781,602579900
2010-04-05,118.25,119.5999984741211,117.5999984741211,119.55000305175781,89.3659896850586,692518600
2010-04-12,119.69999694824219,121.56999969482422,118.75,119.36000061035156,89.22396087646484,908333600
2010-04-19,119.01000213623047,121.86000061035156,118.47000122070312,121.80999755859375,91.05537414550781,861261700
2010-04-26,121.8499984741211,122.12000274658203,118.25,118.80999755859375,88.81282806396484,1263760600
2010-05-03,119.37999725341797,120.68000030517578,105.0,111.26000213623047,83.16905212402344,2156989900
2010-05-10,115.80999755859375,117.68000030517578,112.87000274658203,113.88999938964844,85.13501739501953,1529670400
2010-05-17,114.19999694824219,115.22000122070312,105.36000061035156,109.11000061035156,81.56185150146484,2112367000
2010-05-24,108.5199966430664,110.80000305175781,104.37999725341797,109.37000274658203,81.7562255859375,1614851500
2010-05-31,108.3499984741211,111.05999755859375,106.45999908447266,106.81999969482422,79.8500747680664,1143247000
2010-06-07,107.19999694824219,109.75,104.6500015258789,109.68000030517578,81.98798370361328,1422425500
2010-06-14,110.5199966430664,112.41999816894531,109.4000015258789,111.7300033569336,83.91773986816406,1099031200
2010-06-21,113.12000274658203,113.19999694824219,106.7699966430664,107.87000274658203,81.01860046386719,1214386100
2010-06-28,108.02999877929688,108.31999969482422,101.12999725341797,102.19999694824219,76.7599868774414,1443279800
2010-07-05,103.63999938964844,107.97000122070312,101.87999725341797,107.95999908447266,81.086181640625,866546700
2010-07-12,107.5999984741211,110.08999633789062,106.44999694824219,106.66000366210938,80.10977172851562,1043767600
2010-07-19,107.05000305175781,110.56999969482422,105.81999969482422,110.41000366210938,82.92634582519531,1206200500
2010-07-26,110.5999984741211,112.29000091552734,108.9800033569336,110.2699966430664,82.82117462158203,992577200
2010-08-02,111.98999786376953,113.11000061035156,110.91999816894531,112.38999938964844,84.4134521484375,873294300
2010-08-09,112.91999816894531,113.18000030517578,107.5999984741211,108.30999755859375,81.34906768798828,1035364700
2010-08-16,107.56999969482422,110.38999938964844,106.75,107.52999877929688,80.76325988769531,978649500
2010-08-23,108.04000091552734,108.56999969482422,104.29000091552734,106.86000061035156,80.260009765625,1213491400
2010-08-30,106.58000183105469,110.98999786376953,104.48999786376953,110.88999938964844,83.28681182861328,1066309300
2010-09-06,110.37000274658203,111.68000030517578,109.55000305175781,111.4800033569336,83.72999572753906,566735000
2010-09-13,112.58000183105469,113.29000091552734,111.9800033569336,112.48999786376953,84.94087219238281,952735300
2010-09-20,112.87999725341797,114.9000015258789,112.18000030517578,114.81999969482422,86.70027160644531,1086292800
2010-09-27,114.86000061035156,115.79000091552734,113.18000030517578,114.61000061035156,86.54169464111328,979380500
2010-10-04,114.37000274658203,116.86000061035156,113.18000030517578,116.54000091552734,87.99901580810547,887034000
2010-10-11,116.72000122070312,118.55000305175781,115.6500015258789,117.69999694824219,88.87493133544922,941124800
2010-10-18,117.73999786376953,119.08999633789062,116.0199966430664,118.3499984741211,89.3657455444336,951659200
2010-10-25,119.13999938964844,119.76000213623047,117.26000213623047,118.48999786376953,89.47145080566406,813034100
2010-11-01,119.06999969482422,122.91999816894531,117.8499984741211,122.72000122070312,92.6655044555664,954817000
2010-11-08,122.33999633789062,122.94999694824219,119.6500015258789,120.19999694824219,90.76265716552734,961202500
2010-11-15,120.58000183105469,121.05000305175781,117.58999633789062,120.29000091552734,90.83065032958984,990392500
2010-11-22,119.69000244140625,120.23999786376953,117.98999786376953,118.80000305175781,89.70556640625,619723900
2010-11-29,118.5,123.02999877929688,117.73999786376953,122.88999938964844,92.79389190673828,1021112700
2010-12-06,122.62999725341797,124.5999984741211,122.41000366210938,124.4800033569336,93.9945068359375,688927500
2010-12-13,125.05000305175781,125.2300033569336,123.75,124.30000305175781,94.3521728515625,767995900
2010-12-20,124.63999938964844,125.81999969482422,123.9800033569336,125.5999984741211,95.3389663696289,362982800
2010-12-27,125.12999725341797,126.19999694824219,125.04000091552734,125.75,95.45281982421875,339304000
2011-01-03,126.70999908447266,127.83000183105469,125.69999694824219,127.13999938964844,96.5079116821289,688663800
2011-01-10,126.58000183105469,129.3300018310547,126.19999694824219,129.3000030517578,98.14752960205078,587344200
2011-01-17,129.17999267578125,129.63999938964844,127.12999725341797,128.3699951171875,97.44158172607422,593568300
2011-01-24,128.2899932861328,130.35000610351562,127.51000213623047,127.72000122070312,96.94819641113281,841489200
2011-01-31,128.07000732421875,131.1999969482422,127.75,131.14999389648438,99.55181884765625,715288600
2011-02-07,131.44000244140625,133.27999877929688,131.3000030517578,133.11000061035156,101.0395736694336,658367400
2011-02-14,133.02999877929688,134.69000244140625,132.32000732421875,134.52999877929688,102.117431640625,591262500
2011-02-21,133.1199951171875,134.55999755859375,129.6999969482422,132.3300018310547,100.447509765625,862818700
2011-02-28,132.82000732421875,133.69000244140625,130.35000610351562,132.47000122070312,100.5537338256836,1054110800
2011-03-07,132.86000061035156,133.16000366210938,129.49000549316406,130.83999633789062,99.31646728515625,1072125000
2011-03-14,129.99000549316406,130.47999572753906,125.27999877929688,127.76000213623047,97.39986419677734,1547968900
2011-03-21,129.35000610351562,131.8699951171875,128.32000732421875,131.3000030517578,100.09859466552734,746906900
2011-03-28,131.5800018310547,133.77000427246094,130.44000244140625,133.14999389648438,101.50902557373047,661783400
2011-04-04,133.42999267578125,134.0,132.30999755859375,132.86000061035156,101.28791809082031,660648900
2011-04-11,133.0,133.4499969482422,130.27000427246094,132.0399932861328,100.66277313232422,775858900
2011-04-18,130.58999633789062,133.83999633789062,129.50999450683594,133.77999877929688,101.98929595947266,627087300
2011-04-25,133.67999267578125,136.57000732421875,133.1999969482422,136.42999267578125,104.00956726074219,595273300
2011-05-02,137.07000732421875,137.17999267578125,133.02000427246094,134.1999969482422,102.30952453613281,897019400
2011-05-09,134.19000244140625,136.11000061035156,133.38999938964844,134.0399932861328,102.1875228881836,751471200
2011-05-16,133.55999755859375,135.02999877929688,132.1199951171875,133.61000061035156,101.85969543457031,771663900
2011-05-23,131.97999572753906,133.8699951171875,131.3800048828125,133.50999450683594,101.783447265625,752721600
2011-05-30,134.77000427246094,134.9199981689453,130.0800018310547,130.4199981689453,99.42772674560547,832982500
2011-06-06,130.08999633789062,130.36000061035156,127.26000213623047,127.5999984741211,97.27786254882812,939901900
2011-06-13,127.88999938964844,129.77000427246094,126.31999969482422,127.05000305175781,97.33875274658203,1210445900
2011-06-20,126.62000274658203,129.80999755859375,126.19000244140625,126.80999755859375,97.1548843383789,1089755100
2011-06-27,126.88999938964844,134.10000610351562,126.63999938964844,133.9199981689453,102.60220336914062,1004464900
2011-07-04,133.77999877929688,135.6999969482422,133.11000061035156,134.39999389648438,102.96996307373047,673832300
2011-07-11,132.75,133.22000122070312,130.67999267578125,131.69000244140625,100.89366912841797,1060781500
2011-07-18,131.0800018310547,134.82000732421875,129.6300048828125,134.5800018310547,103.10784149169922,871838100
2011-07-25,133.3000030517578,134.49000549316406,127.97000122070312,129.3300018310547,99.08560943603516,1031930400
2011-08-01,130.83999633789062,130.9600067138672,116.86000061035156,120.08000183105469,91.99872589111328,2219616500
2011-08-08,116.91000366210938,120.12000274658203,110.2699966430664,118.12000274658203,90.49710845947266,2884411300
2011-08-15,119.19000244140625,121.19999694824219,112.5,112.63999938964844,86.29862213134766,1732344500
2011-08-22,115.16999816894531,119.4000015258789,112.41000366210938,117.97000122070312,90.3821792602539,1479958200
2011-08-29,119.55999755859375,123.51000213623047,117.43000030517578,117.8499984741211,90.29020690917969,1244224400
2011-09-05,114.38999938964844,120.94000244140625,114.37999725341797,115.91999816894531,88.81156158447266,1125697000
2011-09-12,114.47000122070312,121.97000122070312,114.05000305175781,121.5199966430664,93.58365631103516,1509003200
2011-09-19,119.52999877929688,121.98999786376953,111.30000305175781,113.54000091552734,87.43820190429688,1597854300
2011-09-26,114.61000061035156,119.55999755859375,112.9800033569336,113.1500015258789,87.13783264160156,1445625600
2011-10-03,112.48999786376953,117.25,107.43000030517578,115.70999908447266,89.10933685302734,1678881000
2011-10-10,117.68000030517578,122.5999984741211,117.66999816894531,122.56999969482422,94.39228057861328,1145235600
2011-10-17,121.98999786376953,124.12000274658203,119.19999694824219,123.97000122070312,95.47044372558594,1288845800
2011-10-24,124.16999816894531,129.4199981689453,122.20999908447266,128.60000610351562,99.03604125976562,1379992900
2011-10-31,127.16000366210938,128.6199951171875,121.5199966430664,125.4800033569336,96.63330841064453,1430006500
2011-11-07,125.38999938964844,128.02000427246094,122.86000061035156,126.66000366210938,97.54203033447266,1180816400
2011-11-14,126.19000244140625,127.44999694824219,121.2300033569336,121.9800033569336,93.93791198730469,1126550200
2011-11-21,120.19999694824219,120.3499984741211,116.19999694824219,116.33999633789062,89.59449005126953,769992600
2011-11-28,119.54000091552734,126.5,118.81999969482422,124.86000061035156,96.15580749511719,1132431500
2011-12-05,126.83999633789062,127.26000213623047,123.6500015258789,126.05000305175781,97.07225799560547,1091882700
2011-12-12,124.94999694824219,125.56999969482422,121.30000305175781,121.58999633789062,94.2314224243164,1119195300
2011-12-19,122.05999755859375,126.43000030517578,120.02999877929688,126.38999938964844,97.951416015625,815204600
2011-12-26,126.16999816894531,126.81999969482422,124.7300033569336,125.5,97.26168060302734,424289000
2012-01-02,127.76000213623047,128.3800048828125,126.43000030517578,127.70999908447266,98.9743881225586,642829400
2012-01-09,128.0,129.6999969482422,127.41000366210938,128.83999633789062,99.85012817382812,625172800
2012-01-16,130.0800018310547,131.9499969482422,128.89999389648438,131.9499969482422,102.26036071777344,560163500
2012-01-23,131.50999450683594,133.39999389648438,130.60000610351562,131.82000732421875,102.15958404541016,751131900
2012-01-30,130.50999450683594,134.6199951171875,130.05999755859375,134.5399932861328,104.26757049560547,744447200
2012-02-06,133.97999572753906,135.58999633789062,133.63999938964844,134.36000061035156,104.12809753417969,699094400
2012-02-13,135.32000732421875,136.6300048828125,134.25,136.41000366210938,105.71685791015625,792803700
2012-02-20,136.72999572753906,137.1999969482422,135.5,136.92999267578125,106.11985778808594,501741000
2012-02-27,136.02000427246094,138.19000244140625,135.8000030517578,137.30999755859375,106.4143295288086,726681300
2012-03-05,137.10000610351562,137.92999267578125,134.36000061035156,137.57000732421875,106.61585998535156,726392800
2012-03-12,137.5500030517578,140.77999877929688,137.08999633789062,140.3000030517578,109.20806121826172,751269600
2012-03-19,140.2100067138672,141.27999877929688,138.5500030517578,139.64999389648438,108.70208740234375,625146900
2012-03-26,140.64999389648438,141.8300018310547,139.08999633789062,140.80999755859375,109.60505676269531,689045100
2012-04-02,140.63999938964844,142.2100067138672,139.25999450683594,139.7899932861328,108.8110580444336,591883200
2012-04-09,138.02999877929688,139.83999633789062,135.75999450683594,137.13999938964844,106.74835205078125,840617400
2012-04-16,137.83999633789062,139.36000061035156,136.5800018310547,137.9499969482422,107.37884521484375,761453400
2012-04-23,136.5399932861328,140.7899932861328,135.94000244140625,140.38999938964844,109.27809143066406,726597900
2012-04-30,140.11000061035156,141.66000366210938,136.9199981689453,137.0,106.63936614990234,712692400
2012-05-07,136.50999450683594,137.55999755859375,134.49000549316406,135.61000061035156,105.55740356445312,865528500
2012-05-14,134.30999755859375,135.61000061035156,129.5500030517578,129.74000549316406,100.98827362060547,1146413600
2012-05-21,130.16000366210938,133.22999572753906,129.9499969482422,132.10000610351562,102.82527923583984,883173900
2012-05-28,133.16000366210938,133.92999267578125,128.16000366210938,128.16000366210938,99.75840759277344,764680800
2012-06-04,128.38999938964844,133.52999877929688,127.13999938964844,133.10000610351562,103.60366821289062,879586100
2012-06-11,134.1699981689453,134.25999450683594,131.16000366210938,134.13999938964844,104.95417785644531,923971800
2012-06-18,133.5800018310547,136.25,132.3300018310547,133.4600067138672,104.4221420288086,810496700
2012-06-25,132.0500030517578,136.27000427246094,130.85000610351562,136.10000610351562,106.48774719238281,777590700
2012-07-02,136.47999572753906,137.8000030517578,134.85000610351562,135.49000549316406,106.01045227050781,487344100
2012-07-09,135.3800048828125,136.22999572753906,132.60000610351562,135.75,106.21389770507812,686624500
2012-07-16,135.44000244140625,138.17999267578125,134.5500030517578,136.47000122070312,106.77723693847656,622487000
2012-07-23,134.47000122070312,139.07000732421875,133.02999877929688,138.67999267578125,108.50640869140625,840929800
2012-07-30,138.52000427246094,139.63999938964844,135.5800018310547,139.35000610351562,109.0306167602539,723033300
2012-08-06,139.72000122070312,140.9199981689453,139.55999755859375,140.83999633789062,110.19646453857422,475710400
2012-08-13,140.60000610351562,142.3000030517578,140.0399932861328,142.17999267578125,111.24484252929688,455720100
2012-08-20,141.97999572753906,143.08999633789062,140.22000122070312,141.50999450683594,110.72064208984375,528027900
2012-08-27,141.88999938964844,142.0800018310547,140.19000244140625,141.16000366210938,110.44683837890625,458457100
2012-09-03,141.0399932861328,144.38999938964844,140.1300048828125,144.3300018310547,112.92709350585938,486431100
2012-09-10,144.19000244140625,148.11000061035156,143.4600067138672,147.24000549316406,115.20394134521484,658106600
2012-09-17,146.94000244140625,147.19000244140625,145.6300048828125,145.8699951171875,114.7412338256836,608820000
2012-09-24,145.14999389648438,146.24000549316406,142.9499969482422,143.97000122070312,113.24676513671875,637875800
2012-10-01,144.52000427246094,147.16000366210938,143.8300018310547,146.13999938964844,114.95366668701172,619770200
2012-10-08,145.60000610351562,146.1199951171875,142.5800018310547,142.88999938964844,112.39717864990234,599319200
2012-10-15,143.22999572753906,146.52000427246094,142.77000427246094,143.38999938964844,112.79046630859375,679092400
2012-10-22,143.14999389648438,143.6699981689453,140.38999938964844,141.35000610351562,111.18582153320312,718295200
2012-10-29,141.85000610351562,143.72000122070312,140.67999267578125,141.55999755859375,111.35101318359375,342136300
2012-11-05,141.35000610351562,143.52000427246094,137.5500030517578,138.16000366210938,108.67658233642578,852323700
2012-11-12,138.58999633789062,139.25,134.6999969482422,136.3699951171875,107.26856231689453,829813100
2012-11-19,137.89999389648438,141.39999389648438,136.41000366210938,141.35000610351562,111.18582153320312,418423200
2012-11-26,140.64999389648438,142.50999450683594,139.0,142.14999389648438,111.81513214111328,693511300
2012-12-03,142.8000030517578,142.9199981689453,140.3699951171875,142.41000366210938,112.0196762084961,611416000
2012-12-10,142.2100067138672,144.5500030517578,141.8800048828125,142.10000610351562,111.77576446533203,670707900
2012-12-17,142.47000122070312,145.5800018310547,141.94000244140625,142.7899932861328,113.11512756347656,886267200
2012-12-24,142.47999572753906,142.7100067138672,139.8699951171875,140.02999877929688,110.9287109375,477549600
2012-12-31,139.66000366210938,146.61000061035156,139.5399932861328,146.3699951171875,115.95115661621094,697573700
2013-01-07,145.85000610351562,147.14999389648438,144.97999572753906,147.07000732421875,116.50569152832031,566665900
2013-01-14,146.88999938964844,148.49000549316406,146.1999969482422,148.3300018310547,117.50377655029297,591328800
2013-01-21,148.3300018310547,150.25,147.97999572753906,150.25,119.02477264404297,510031400
2013-01-28,150.2899932861328,151.4199981689453,149.50999450683594,151.24000549316406,119.80906677246094,596648600
2013-02-04,150.32000732421875,151.88999938964844,149.42999267578125,151.8000030517578,120.25270080566406,677372500
2013-02-11,151.74000549316406,152.61000061035156,151.38999938964844,152.11000061035156,120.49820709228516,517551100
2013-02-18,152.3699951171875,153.27999877929688,149.94000244140625,151.88999938964844,120.32400512695312,545293800
2013-02-25,152.6300048828125,152.8699951171875,148.72999572753906,152.11000061035156,120.49820709228516,880703700
2013-03-04,151.75999450683594,155.64999389648438,151.52000427246094,155.44000244140625,123.13622283935547,524491200
2013-03-11,155.32000732421875,156.8000030517578,155.1300048828125,155.8300018310547,123.99420928955078,546984500
2013-03-18,154.33999633789062,155.9499969482422,153.58999633789062,155.60000610351562,123.81122589111328,647799500
2013-03-25,156.00999450683594,156.85000610351562,154.35000610351562,156.6699981689453,124.66254425048828,441062300
2013-04-01,156.58999633789062,157.2100067138672,153.77000427246094,155.16000366210938,123.46105194091797,646416800
2013-04-08,155.27000427246094,159.7100067138672,154.75,158.8000030517578,126.3574447631836,550706900
2013-04-15,158.0,158.1300048828125,153.5500030517578,155.47999572753906,123.71571350097656,908872400
2013-04-22,155.77999877929688,159.27000427246094,154.75,158.24000549316406,125.91182708740234,596455400
2013-04-29,158.6699981689453,161.8800048828125,158.10000610351562,161.3699951171875,128.40237426757812,584067600
2013-05-06,161.49000549316406,163.6999969482422,161.4199981689453,163.41000366210938,130.025634765625,464602100
2013-05-13,163.1999969482422,167.0399932861328,162.82000732421875,166.94000244140625,132.8344268798828,561277200
2013-05-20,166.77999877929688,169.07000732421875,163.94000244140625,165.30999755859375,131.53744506835938,787545500
2013-05-27,167.0399932861328,167.77999877929688,163.1300048828125,163.4499969482422,130.05743408203125,588687100
2013-06-03,163.8300018310547,165.10000610351562,160.25,164.8000030517578,131.13160705566406,926323300
2013-06-10,165.30999755859375,165.39999389648438,161.3000030517578,163.17999267578125,129.84254455566406,747319300
2013-06-17,164.2899932861328,165.99000549316406,157.47000122070312,159.07000732421875,127.24207305908203,1050353400
2013-06-24,157.41000366210938,161.82000732421875,155.72999572753906,160.4199981689453,128.32186889648438,809325800
2013-07-01,161.25999450683594,163.0800018310547,160.22000122070312,163.02000427246094,130.40162658691406,484451800
2013-07-08,163.86000061035156,167.92999267578125,163.0800018310547,167.50999450683594,133.99327087402344,588605500
2013-07-15,167.97000122070312,169.27000427246094,167.07000732421875,169.1699981689453,135.3211212158203,458478400
2013-07-22,169.41000366210938,169.86000061035156,167.52000427246094,169.11000061035156,135.2731170654297,492075500
2013-07-29,168.67999267578125,170.97000122070312,168.11000061035156,170.9499969482422,136.7449493408203,508848400
2013-08-05,170.57000732421875,170.9600067138672,168.5500030517578,169.30999755859375,135.43313598632812,420361400
2013-08-12,168.4600067138672,169.89999389648438,165.5,165.8300018310547,132.6494140625,513028500
2013-08-19,165.63999938964844,166.8300018310547,164.19000244140625,166.6199951171875,133.28131103515625,537622800
2013-08-26,166.7899932861328,167.3000030517578,163.0500030517578,163.64999389648438,130.90562438964844,610563900
2013-09-02,165.22999572753906,166.97999572753906,163.6999969482422,166.0399932861328,132.81736755371094,462611500
2013-09-09,166.4499969482422,169.55999755859375,166.4499969482422,169.3300018310547,135.44912719726562,443889200
2013-09-16,171.16000366210938,173.60000610351562,170.0399932861328,170.72000122070312,137.2265625,671767100
2013-09-23,170.49000549316406,170.64999389648438,168.47000122070312,168.91000366210938,135.7716827392578,504544800
2013-09-30,167.47999572753906,169.5,166.83999633789062,168.88999938964844,135.75563049316406,658023000
2013-10-07,167.4199981689453,170.32000732421875,164.52999877929688,170.25999450683594,136.85684204101562,744278000
2013-10-14,169.2100067138672,174.50999450683594,169.0800018310547,174.38999938964844,140.1766357421875,696972000
2013-10-21,174.4499969482422,176.0,173.9600067138672,175.9499969482422,141.43055725097656,500226000
2013-10-28,175.88999938964844,177.50999450683594,175.22000122070312,176.2100067138672,141.6395263671875,588982000
2013-11-04,176.69000244140625,177.63999938964844,174.75999450683594,177.2899932861328,142.5076446533203,552563000
2013-11-11,177.1199951171875,180.1199951171875,176.08999633789062,180.0500030517578,144.72621154785156,456701000
2013-11-18,180.35000610351562,180.8300018310547,177.97999572753906,180.80999755859375,145.3371124267578,497733000
2013-11-25,181.1300048828125,181.75,180.3699951171875,181.0,145.48985290527344,281150900
2013-12-02,181.08999633789062,181.42999267578125,178.35000610351562,180.94000244140625,145.44161987304688,573984000
2013-12-09,181.47000122070312,181.6699981689453,177.75999450683594,178.11000061035156,143.1667938232422,505064000
2013-12-16,178.9499969482422,181.99000549316406,177.32000732421875,181.55999755859375,146.7322540283203,754605200
2013-12-23,182.4499969482422,184.17999267578125,182.07000732421875,183.85000610351562,148.5830078125,256145800
2013-12-30,183.8699951171875,184.69000244140625,182.47999572753906,182.88999938964844,147.80712890625,344004400
2014-01-06,183.49000549316406,184.22000122070312,182.0800018310547,184.13999938964844,148.8173065185547,483464500
2014-01-13,183.6699981689453,184.94000244140625,181.33999633789062,183.63999938964844,148.4132843017578,533573200
2014-01-20,184.6999969482422,184.77000427246094,178.8300018310547,178.88999938964844,144.574462890625,491066100
2014-01-27,179.05999755859375,179.80999755859375,176.8800048828125,178.17999267578125,144.0005645751953,821519600
2014-02-03,177.97000122070312,179.8699951171875,173.7100067138672,179.67999267578125,145.21295166015625,887744800
2014-02-10,179.6999969482422,184.36000061035156,179.2100067138672,184.02000427246094,148.72039794921875,501791200
2014-02-17,184.17999267578125,184.9499969482422,182.60000610351562,183.88999938964844,148.61534118652344,430099700
2014-02-24,184.27999877929688,187.14999389648438,184.1999969482422,186.2899932861328,150.55491638183594,574548900
2014-03-03,184.64999389648438,188.9600067138672,183.75,188.25999450683594,152.1470489501953,620701300
2014-03-10,187.97000122070312,188.7100067138672,184.44000244140625,184.66000366210938,149.2375946044922,587706600
2014-03-17,185.58999633789062,189.02000427246094,185.47000122070312,186.1999969482422,151.1463165283203,656800400
2014-03-24,186.83999633789062,187.33999633789062,183.89999389648438,185.49000549316406,150.57003784179688,589131000
2014-03-31,186.6699981689453,189.6999969482422,185.52000427246094,186.39999389648438,151.30870056152344,514528000
2014-04-07,185.9499969482422,187.1699981689453,181.30999755859375,181.50999450683594,147.3392791748047,693927000
2014-04-14,182.92999267578125,186.91000366210938,181.44000244140625,186.38999938964844,151.30056762695312,499927000
2014-04-21,186.44000244140625,188.39999389648438,185.8699951171875,186.2899932861328,151.21939086914062,416538000
2014-04-28,187.0500030517578,189.13999938964844,184.9600067138672,188.05999755859375,152.6561737060547,511868000
2014-05-05,187.13999938964844,189.0500030517578,186.00999450683594,187.9600067138672,152.57501220703125,445134000
2014-05-12,188.8000030517578,190.4199981689453,186.47999572753906,188.0500030517578,152.64808654785156,478175000
2014-05-19,187.69000244140625,190.47999572753906,187.07000732421875,190.35000610351562,154.5150604248047,387217800
2014-05-26,191.05999755859375,192.8000030517578,190.9499969482422,192.67999267578125,156.40646362304688,279426000
2014-06-02,192.9499969482422,195.42999267578125,191.97000122070312,195.3800048828125,158.59814453125,356031000
2014-06-09,195.35000610351562,196.0500030517578,193.11000061035156,194.1300048828125,157.58348083496094,379387000
2014-06-16,193.88999938964844,196.60000610351562,193.66000366210938,195.94000244140625,159.8148651123047,464041000
2014-06-23,195.99000549316406,196.5,194.1300048828125,195.82000732421875,159.7169647216797,405387100
2014-06-30,195.6999969482422,198.2899932861328,195.52999877929688,198.1999969482422,161.65818786621094,266085000
2014-07-07,197.82000732421875,197.97999572753906,195.05999755859375,196.61000061035156,160.36134338378906,406114000
2014-07-14,197.61000061035156,198.25999450683594,195.42999267578125,197.7100067138672,161.258544921875,519679400
2014-07-21,197.08999633789062,199.05999755859375,196.42999267578125,197.72000122070312,161.2666778564453,334607000
2014-07-28,197.75999450683594,198.4499969482422,191.57000732421875,192.5,157.0091094970703,626687000
2014-08-04,192.8699951171875,194.3000030517578,190.5500030517578,193.24000549316406,157.6126251220703,591595000
2014-08-11,193.97000122070312,196.64999389648438,192.94000244140625,195.72000122070312,159.63539123535156,414545000
2014-08-18,196.8000030517578,199.75999450683594,196.69000244140625,199.19000244140625,162.4656524658203,351220000
2014-08-25,200.13999938964844,200.82000732421875,199.14999389648438,200.7100067138672,163.7054443359375,283264000
2014-09-01,200.97000122070312,201.5800018310547,199.41000366210938,201.11000061035156,164.03167724609375,317301000
2014-09-08,200.9199981689453,201.2100067138672,198.55999755859375,199.1300048828125,162.41673278808594,404171700
2014-09-15,199.16000366210938,201.89999389648438,198.3800048828125,200.6999969482422,164.46238708496094,560507000
2014-09-22,200.35000610351562,200.3800048828125,196.27000427246094,197.89999389648438,162.16796875,598069000
2014-09-29,196.1999969482422,198.3000030517578,192.35000610351562,196.52000427246094,161.03720092773438,683066000
2014-10-06,197.33999633789062,197.60000610351562,190.49000549316406,190.5399932861328,156.13687133789062,871766000
2014-10-13,190.4600067138672,191.14999389648438,181.9199981689453,188.47000122070312,154.44064331054688,1312517000
2014-10-20,188.1300048828125,196.49000549316406,188.07000732421875,196.42999267578125,160.9634552001953,709653000
2014-10-27,195.72999572753906,201.82000732421875,195.02999877929688,201.66000366210938,165.2490997314453,592480000
2014-11-03,201.9199981689453,203.60000610351562,200.05999755859375,203.33999633789062,166.6257781982422,475281000
2014-11-10,203.3800048828125,204.8300018310547,203.1300048828125,204.24000549316406,167.36331176757812,376714100
2014-11-17,203.85000610351562,207.83999633789062,203.64999389648438,206.67999267578125,169.36276245117188,454049700
2014-11-24,207.1699981689453,207.8699951171875,206.8000030517578,207.1999969482422,169.78880310058594,265047000
2014-12-01,206.39999389648438,208.47000122070312,205.3800048828125,208.0,170.4444122314453,429769700
2014-12-08,207.52000427246094,208.1199951171875,200.85000610351562,200.88999938964844,164.6182098388672,754967700
2014-12-15,201.97999572753906,212.97000122070312,197.86000061035156,206.52000427246094,170.16561889648438,1206138200
2014-12-22,206.75,208.85000610351562,206.4600067138672,208.44000244140625,171.74761962890625,370776900
2014-12-29,208.22000122070312,208.97000122070312,204.17999267578125,205.42999267578125,169.2675018310547,404984400
2015-01-05,204.1699981689453,206.4199981689453,198.86000061035156,204.25,168.29525756835938,809915800
2015-01-12,204.41000366210938,205.47999572753906,198.5500030517578,201.6300048828125,166.13650512695312,940434000
2015-01-19,202.39999389648438,206.25999450683594,200.1699981689453,204.97000122070312,168.88845825195312,545806600
2015-01-26,204.7100067138672,205.55999755859375,198.67999267578125,199.4499969482422,164.3402099609375,765883700
2015-02-02,200.0500030517578,207.24000549316406,197.86000061035156,205.5500030517578,169.36636352539062,645251800
2015-02-09,204.77000427246094,209.83999633789062,204.13999938964844,209.77999877929688,172.85179138183594,465687300
2015-02-16,209.39999389648438,211.3300018310547,208.72999572753906,211.24000549316406,174.0548095703125,389980000
2015-02-23,210.94000244140625,212.24000549316406,210.47999572753906,210.66000366210938,173.5768585205078,400719000
2015-03-02,210.77999877929688,212.05999755859375,207.10000610351562,207.5,170.9730987548828,577315400
2015-03-09,207.74000549316406,208.7899932861328,204.39999389648438,205.8300018310547,169.5971221923828,613490300
2015-03-16,206.7100067138672,211.27000427246094,205.86000061035156,210.41000366210938,174.14476013183594,755050500
2015-03-23,210.4199981689453,211.11000061035156,204.1199951171875,205.74000549316406,170.2797088623047,581117700
2015-03-30,206.97999572753906,208.61000061035156,204.50999450683594,206.44000244140625,170.85897827148438,447153600
2015-04-06,205.3699951171875,210.08999633789062,205.2100067138672,210.0399932861328,173.83856201171875,443228200
2015-04-13,209.8699951171875,211.0399932861328,207.00999450683594,207.9499969482422,172.1087646484375,509113900
2015-04-20,209.05999755859375,211.97000122070312,208.89999389648438,211.64999389648438,175.17105102539062,406927200
2015-04-27,212.3300018310547,212.47999572753906,207.6199951171875,210.72000122070312,174.40135192871094,556611100
2015-05-04,211.22999572753906,212.02000427246094,206.75999450683594,211.6199951171875,175.146240234375,563435800
2015-05-11,211.57000732421875,212.61000061035156,208.6199951171875,212.44000244140625,175.8248748779297,462547700
2015-05-18,212.24000549316406,213.77999877929688,212.16000366210938,212.99000549316406,176.28009033203125,345719900
2015-05-25,212.39999389648438,212.97999572753906,210.1999969482422,211.13999938964844,174.7489776611328,417416800
2015-06-01,211.94000244140625,212.6699981689453,208.97999572753906,209.77000427246094,173.61509704589844,546278200
2015-06-08,209.63999938964844,212.08999633789062,207.69000244140625,210.00999450683594,173.81370544433594,537908100
2015-06-15,208.63999938964844,213.33999633789062,207.7899932861328,210.80999755859375,175.32452392578125,632747600
2015-06-22,211.91000366210938,212.58999633789062,209.16000366210938,209.82000732421875,174.50115966796875,432762300
2015-06-29,208.0500030517578,209.8300018310547,205.27999877929688,207.30999755859375,172.4136505126953,625900000
2015-07-06,205.77000427246094,208.1699981689453,204.11000061035156,207.47999572753906,172.55499267578125,729385700
2015-07-13,208.99000549316406,212.5500030517578,208.94000244140625,212.47999572753906,176.71337890625,481406400
2015-07-20,212.75,213.17999267578125,207.60000610351562,208.0,172.987548828125,445343800
2015-07-27,206.94000244140625,211.4499969482422,206.25999450683594,210.5,175.06666564941406,556268500
2015-08-03,210.4600067138672,211.30999755859375,206.8699951171875,207.9499969482422,172.94593811035156,515462100
2015-08-10,209.27999877929688,210.6699981689453,205.36000061035156,209.4199981689453,174.16848754882812,540645600
2015-08-17,208.7100067138672,210.67999267578125,197.52000427246094,197.8300018310547,164.52944946289062,864627700
2015-08-24,187.49000549316406,199.83999633789062,182.39999389648438,199.27999877929688,165.73538208007812,1650892700
2015-08-31,198.11000061035156,199.1300048828125,190.72999572753906,192.58999633789062,160.1714630126953,938737300
2015-09-07,195.94000244140625,199.47000122070312,194.25,196.74000549316406,163.62290954589844,543675700
2015-09-14,196.9499969482422,202.88999938964844,194.9600067138672,195.4499969482422,163.3951416015625,792543900
2015-09-21,196.44000244140625,197.67999267578125,190.55999755859375,192.85000610351562,161.2215576171875,666841300
2015-09-28,191.77999877929688,195.02999877929688,186.92999267578125,195.0,163.0189208984375,843095800
2015-10-05,196.4600067138672,201.89999389648438,196.3300018310547,201.3300018310547,168.3107452392578,621027000
2015-10-12,201.4199981689453,203.2899932861328,198.94000244140625,203.27000427246094,169.93263244628906,492262800
2015-10-19,202.5,207.9499969482422,201.64999389648438,207.50999450683594,173.47723388671875,576364400
2015-10-26,207.3000030517578,209.44000244140625,205.7899932861328,207.92999267578125,173.828369140625,504447900
2015-11-02,208.32000732421875,211.66000366210938,208.1699981689453,210.0399932861328,175.59226989746094,466621600
2015-11-09,209.30999755859375,209.49000549316406,202.44000244140625,202.5399932861328,169.3223114013672,549621600
2015-11-16,202.32000732421875,210.1199951171875,202.17999267578125,209.30999755859375,174.9820098876953,542343400
2015-11-23,209.3800048828125,209.97999572753906,207.41000366210938,209.55999755859375,175.19102478027344,253103500
2015-11-30,209.75,211.0,204.75,209.6199951171875,175.2411651611328,678260500
2015-12-07,209.22999572753906,209.72999572753906,201.50999450683594,201.8800048828125,168.7706298828125,695103200
2015-12-14,202.07000732421875,208.47999572753906,199.8300018310547,200.02000427246094,168.21084594726562,957957800
2015-12-21,201.41000366210938,206.3300018310547,200.08999633789062,205.67999267578125,172.97068786621094,369647300
2015-12-28,204.86000061035156,207.7899932861328,203.8699951171875,203.8699951171875,171.4485321044922,336736200
2016-01-04,200.49000549316406,201.89999389648438,191.5800018310547,191.9199981689453,161.39894104003906,908565200
2016-01-11,193.00999450683594,194.86000061035156,185.52000427246094,187.80999755859375,157.94252014160156,1147082700
2016-01-18,189.9600067138672,190.75999450683594,181.02000427246094,190.52000427246094,160.22158813476562,845884700
2016-01-25,189.9199981689453,193.8800048828125,187.05999755859375,193.72000122070312,162.91265869140625,811418300
2016-02-01,192.52999877929688,194.5800018310547,187.10000610351562,187.9499969482422,158.06033325195312,844001500
2016-02-08,185.77000427246094,188.33999633789062,181.08999633789062,186.6300048828125,156.9501953125,870945200
2016-02-15,188.77000427246094,193.32000732421875,187.6300048828125,192.0,161.46621704101562,473396200
2016-02-22,193.8699951171875,196.67999267578125,189.32000732421875,195.08999633789062,164.06483459472656,606469800
2016-02-29,195.11000061035156,201.35000610351562,193.3300018310547,200.42999267578125,168.55557250976562,594598600
2016-03-07,199.33999633789062,202.80999755859375,197.3800048828125,202.75999450683594,170.5150146484375,613798300
2016-03-14,202.16000366210938,205.22999572753906,201.0500030517578,204.3800048828125,172.763916015625,568735200
2016-03-21,204.07000732421875,205.22999572753906,201.74000549316406,203.1199951171875,171.69882202148438,335812000
2016-03-28,203.61000061035156,207.13999938964844,202.39999389648438,206.9199981689453,174.9109649658203,450704000
2016-04-04,206.8300018310547,207.07000732421875,203.08999633789062,204.5,172.8653106689453,463898600
2016-04-11,205.25,208.60000610351562,203.6999969482422,207.77999877929688,175.63795471191406,436419000
2016-04-18,207.77999877929688,210.9199981689453,207.0,208.97000122070312,176.6438751220703,436894100
2016-04-25,208.25999450683594,209.80999755859375,205.02999877929688,206.3300018310547,174.41229248046875,459000400
2016-05-02,206.9199981689453,208.17999267578125,203.8800048828125,205.72000122070312,173.89663696289062,417788100
2016-05-09,205.57000732421875,208.5399932861328,204.3800048828125,204.75999450683594,173.0851287841797,419635000
2016-05-16,204.9600067138672,207.33999633789062,202.77999877929688,205.49000549316406,173.70216369628906,532894700
2016-05-23,205.50999450683594,210.25,204.99000549316406,210.24000549316406,177.71742248535156,348333700
2016-05-30,210.55999755859375,210.92999267578125,208.86000061035156,210.27999877929688,177.75125122070312,344617400
2016-06-06,210.6999969482422,212.52000427246094,209.42999267578125,210.07000732421875,177.5736846923828,379648800
2016-06-13,209.36000061035156,210.3699951171875,205.58999633789062,206.52000427246094,175.48072814941406,618523800
2016-06-20,208.82000732421875,210.8699951171875,202.72000122070312,203.24000549316406,172.69366455078125,686987600
2016-06-27,201.58999633789062,210.49000549316406,198.64999389648438,209.9199981689453,178.36972045898438,798564000
2016-07-04,208.9499969482422,212.94000244140625,207.05999755859375,212.64999389648438,180.6894073486328,425390000
2016-07-11,213.19000244140625,217.00999450683594,212.9499969482422,215.8300018310547,183.39144897460938,460619900
2016-07-18,215.97000122070312,217.3699951171875,215.6300048828125,217.24000549316406,184.5895233154297,301795900
2016-07-25,217.0,217.5399932861328,215.6199951171875,217.1199951171875,184.487548828125,354592600
2016-08-01,217.19000244140625,218.22999572753906,214.25,218.17999267578125,185.3882598876953,338078200
2016-08-08,218.39999389648438,218.94000244140625,217.22999572753906,218.4600067138672,185.62619018554688,282917100
2016-08-15,218.88999938964844,219.5,217.02000427246094,218.5399932861328,185.69412231445312,306593700
2016-08-22,218.25999450683594,219.60000610351562,216.25,217.2899932861328,184.6320037841797,378228000
2016-08-29,217.44000244140625,218.8699951171875,216.02999877929688,218.3699951171875,185.54965209960938,391024300
2016-09-05,218.6999969482422,219.22000122070312,213.25,213.27999877929688,181.2246856689453,428949000
2016-09-12,212.38999938964844,216.80999755859375,212.30999755859375,213.3699951171875,182.21701049804688,774789500
2016-09-19,214.1300048828125,217.52999877929688,213.02999877929688,215.99000549316406,184.4544677734375,410509800
2016-09-26,215.02000427246094,217.1199951171875,213.6199951171875,216.3000030517578,184.71917724609375,501006600
2016-10-03,215.82000732421875,216.3000030517578,213.99000549316406,215.0399932861328,183.6431427001953,428991900
2016-10-10,216.16000366210938,216.6999969482422,211.2100067138672,213.1199951171875,182.00347900390625,450791700
2016-10-17,213.08999633789062,214.63999938964844,212.1699981689453,213.97999572753906,182.7379913330078,364393500
2016-10-24,215.0,215.32000732421875,211.7100067138672,212.5399932861328,181.5081329345703,420237800
2016-10-31,212.92999267578125,213.19000244140625,208.3800048828125,208.5500030517578,178.1007537841797,485446500
2016-11-07,208.5500030517578,218.30999755859375,208.5500030517578,216.4199981689453,184.82167053222656,747662000
2016-11-14,217.02999877929688,219.27000427246094,215.72000122070312,218.5,186.59803771972656,407913300
2016-11-21,219.1699981689453,221.55999755859375,219.0,221.52000427246094,189.17706298828125,234324100
2016-11-28,221.16000366210938,221.82000732421875,219.14999389648438,219.67999267578125,187.60568237304688,413631800
2016-12-05,220.64999389648438,226.52999877929688,220.4199981689453,226.50999450683594,193.4384765625,426173500
2016-12-12,226.39999389648438,228.33999633789062,224.6699981689453,225.0399932861328,193.3158721923828,636388200
2016-12-19,225.25,226.57000732421875,224.9199981689453,225.7100067138672,193.8914031982422,341005800
2016-12-26,226.02000427246094,226.72999572753906,222.72999572753906,223.52999877929688,192.01873779296875,264461900
2017-01-02,225.0399932861328,227.75,223.8800048828125,227.2100067138672,195.1800079345703,320049800
2017-01-09,226.91000366210938,227.4499969482422,224.9600067138672,227.0500030517578,195.04254150390625,320192700
2017-01-16,226.30999755859375,227.30999755859375,225.41000366210938,226.74000549316406,194.7761688232422,311811500
2017-01-23,226.74000549316406,229.7100067138672,225.27000427246094,228.97000122070312,196.69180297851562,374736400
2017-01-30,228.1699981689453,229.5500030517578,226.32000732421875,229.33999633789062,197.0096893310547,384956600
2017-02-06,228.8699951171875,231.77000427246094,228.30999755859375,231.50999450683594,198.873779296875,299258600
2017-02-13,232.0800018310547,235.16000366210938,232.0500030517578,235.08999633789062,201.9490966796875,375003400
2017-02-20,235.52000427246094,236.89999389648438,235.41000366210938,236.74000549316406,203.3665313720703,308058800
2017-02-27,236.63999938964844,240.32000732421875,236.02000427246094,238.4199981689453,204.80966186523438,454855800
2017-03-06,237.5,238.1199951171875,235.74000549316406,237.69000244140625,204.18260192871094,371339600
2017-03-13,237.6199951171875,239.44000244140625,236.19000244140625,237.02999877929688,204.5014190673828,380565500
2017-03-20,237.02999877929688,237.61000061035156,232.9600067138672,233.86000061035156,201.76646423339844,494830700
2017-03-27,231.92999267578125,236.52000427246094,231.61000061035156,235.74000549316406,203.3884735107422,373359800
2017-04-03,235.8000030517578,237.38999938964844,233.91000366210938,235.1999969482422,202.922607421875,394361400
2017-04-10,235.36000061035156,236.25999450683594,232.50999450683594,232.50999450683594,200.60169982910156,330405400
2017-04-17,233.11000061035156,235.85000610351562,232.8800048828125,234.58999633789062,202.39627075195312,423293100
2017-04-24,237.17999267578125,239.52999877929688,234.55999755859375,238.0800018310547,205.40736389160156,401553800
2017-05-01,238.67999267578125,239.72000122070312,237.6999969482422,239.6999969482422,206.8050079345703,320859900
2017-05-08,239.75,240.19000244140625,238.1300048828125,238.97999572753906,206.1837921142578,270313700
2017-05-15,239.47000122070312,240.6699981689453,235.42999267578125,238.30999755859375,205.6057891845703,507393900
2017-05-22,238.89999389648438,242.0800018310547,238.82000732421875,241.7100067138672,208.5391845703125,266981600
2017-05-29,241.33999633789062,244.35000610351562,240.63999938964844,244.1699981689453,210.66165161132812,284626000
2017-06-05,243.97000122070312,245.00999450683594,241.9499969482422,243.41000366210938,210.00587463378906,347425600
2017-06-12,243.1300048828125,244.8699951171875,241.6300048828125,242.63999938964844,210.3624267578125,375795400
2017-06-19,243.58999633789062,244.72999572753906,242.41000366210938,243.1300048828125,210.78729248046875,289142700
2017-06-26,243.89999389648438,244.3800048828125,239.9600067138672,241.8000030517578,209.63421630859375,402761200
2017-07-03,242.8800048828125,243.3800048828125,240.33999633789062,242.11000061035156,209.90292358398438,216954500
2017-07-10,242.11000061035156,245.97000122070312,240.85000610351562,245.55999755859375,212.89398193359375,246362600
2017-07-17,245.47000122070312,247.4199981689453,244.6699981689453,246.8800048828125,214.0384063720703,256784700
2017-07-24,246.7899932861328,248.0,245.67999267578125,246.91000366210938,214.064453125,269968300
2017-07-31,247.3699951171875,247.7899932861328,246.3699951171875,247.41000366210938,214.49789428710938,269148100
2017-08-07,247.49000549316406,248.91000366210938,243.6999969482422,244.1199951171875,211.64553833007812,351696400
2017-08-14,245.58999633789062,247.57000732421875,242.1999969482422,242.7100067138672,210.42308044433594,450488500
2017-08-21,242.63999938964844,245.6199951171875,241.8300018310547,244.55999755859375,212.02708435058594,294001200
2017-08-28,245.1699981689453,248.3300018310547,242.92999267578125,247.83999633789062,214.87069702148438,319543000
2017-09-04,247.25999450683594,247.52000427246094,244.9499969482422,246.5800018310547,213.77830505371094,271183200
2017-09-11,248.0399932861328,250.32000732421875,248.02000427246094,249.19000244140625,217.11329650878906,378367500
2017-09-18,249.61000061035156,250.19000244140625,248.9199981689453,249.44000244140625,217.33108520507812,252342800
2017-09-25,249.14999389648438,251.32000732421875,248.0800018310547,251.22999572753906,218.8906707763672,322504600
2017-10-02,251.49000549316406,254.6999969482422,251.2899932861328,254.3699951171875,221.62644958496094,325955600
2017-10-09,254.6300048828125,255.27000427246094,253.64999389648438,254.9499969482422,222.13180541992188,228400300
2017-10-16,255.2100067138672,257.1400146484375,254.35000610351562,257.1099853515625,224.01376342773438,261751200
2017-10-23,257.4800109863281,257.8900146484375,254.0,257.7099914550781,224.5364990234375,389927000
2017-10-30,256.4700012207031,258.5,256.19000244140625,258.45001220703125,225.18130493164062,284832400
2017-11-06,258.29998779296875,259.3500061035156,256.3599853515625,258.0899963378906,224.86761474609375,312694600
2017-11-13,257.30999755859375,259.0400085449219,255.6300048828125,257.8599853515625,224.66722106933594,335889100
2017-11-20,258.1400146484375,260.4800109863281,257.8599853515625,260.3599853515625,226.845458984375,190142200
2017-11-27,260.4100036621094,266.04998779296875,260.0,264.4599914550781,230.4176788330078,521044000
2017-12-04,266.30999755859375,266.79998779296875,262.7099914550781,265.510009765625,231.33250427246094,401716200
2017-12-11,266.30999755859375,267.55999755859375,265.3900146484375,266.510009765625,233.3906707763672,516455700
2017-12-18,268.1000061035156,268.6000061035156,266.69000244140625,267.510009765625,234.26646423339844,388541200
2017-12-25,267.04998779296875,268.54998779296875,266.6400146484375,266.8599853515625,233.69717407226562,244118900
2018-01-01,267.8399963378906,273.55999755859375,267.3999938964844,273.4200134277344,239.44200134277344,340886500
2018-01-08,273.30999755859375,278.1099853515625,272.9200134277344,277.9200134277344,243.38284301757812,337325100
2018-01-15,279.3500061035156,280.4100036621094,276.17999267578125,280.4100036621094,245.5632781982422,461462000
2018-01-22,280.1700134277344,286.6300048828125,280.1099853515625,286.5799865722656,250.96658325195312,515553600
2018-01-29,285.92999267578125,286.42999267578125,275.4100036621094,275.45001220703125,241.21969604492188,593556800
2018-02-05,273.45001220703125,275.8500061035156,252.9199981689453,261.5,229.0032501220703,1347099500
2018-02-12,263.8299865722656,275.32000732421875,261.6600036621094,273.1099853515625,239.1705322265625,617315700
2018-02-19,272.0299987792969,274.7200012207031,269.6400146484375,274.7099914550781,240.5716094970703,388531100
2018-02-26,275.92999267578125,278.9200134277344,264.82000732421875,269.0799865722656,235.64125061035156,623436700
2018-03-05,267.7300109863281,278.8699951171875,267.6099853515625,278.8699951171875,244.2147216796875,444110600
2018-03-12,279.20001220703125,280.4100036621094,274.1400146484375,274.20001220703125,241.0867462158203,453565500
2018-03-19,273.3500061035156,274.3999938964844,257.8299865722656,258.04998779296875,226.8870391845703,579996000
2018-03-26,262.1300048828125,266.7699890136719,258.5799865722656,263.1499938964844,231.37115478515625,529951400
2018-04-02,262.54998779296875,266.6400146484375,254.6699981689453,259.7200012207031,228.3553924560547,692132300
2018-04-09,261.3699951171875,267.5400085449219,259.94000244140625,265.1499938964844,233.12966918945312,454081800
2018-04-16,267.0,271.29998779296875,265.6099853515625,266.6099853515625,234.41334533691406,363000200
2018-04-23,267.260009765625,267.9800109863281,260.8500061035156,266.55999755859375,234.36940002441406,407069900
2018-04-30,267.260009765625,267.8900146484375,259.04998779296875,266.0199890136719,233.89459228515625,470288200
2018-05-07,266.8900146484375,273.1499938964844,265.1499938964844,272.8500061035156,239.89979553222656,314405600
2018-05-14,273.3399963378906,274.0799865722656,270.0299987792969,271.3299865722656,238.56333923339844,316673700
2018-05-21,273.010009765625,274.25,270.7799987792969,272.1499938964844,239.2842559814453,308105100
2018-05-28,270.30999755859375,273.94000244140625,267.760009765625,273.6000061035156,240.5592041015625,350365300
2018-06-04,274.5299987792969,278.2799987792969,274.17999267578125,278.19000244140625,244.5948944091797,304361500
2018-06-11,278.44000244140625,279.4800109863281,275.3500061035156,277.1300048828125,244.75706481933594,407431300
2018-06-18,275.489990234375,276.7200012207031,273.5299987792969,274.739990234375,242.64620971679688,330194500
2018-06-25,273.44000244140625,273.8699951171875,268.489990234375,271.2799987792969,239.59039306640625,485755300
2018-07-02,269.510009765625,275.8399963378906,269.239990234375,275.4200134277344,243.2467803955078,229161500
2018-07-09,276.54998779296875,279.92999267578125,276.5,279.5899963378906,246.92967224121094,287912600
2018-07-16,279.6400146484375,281.17999267578125,278.4100036621094,279.67999267578125,247.00917053222656,288859800
2018-07-23,279.45001220703125,284.3699951171875,279.05999755859375,281.4200134277344,248.5458984375,328645600
2018-07-30,281.510009765625,283.6600036621094,279.1600036621094,283.6000061035156,250.47129821777344,303528100
2018-08-06,283.6400146484375,286.010009765625,282.3599853515625,283.1600036621094,250.082763671875,237505100
2018-08-13,283.4700012207031,285.55999755859375,280.1600036621094,285.05999755859375,251.76071166992188,348086700
2018-08-20,285.57000732421875,287.6700134277344,285.05999755859375,287.510009765625,253.9245147705078,258765100
2018-08-27,288.8599853515625,291.739990234375,288.67999267578125,290.30999755859375,256.3974609375,292871700
2018-09-03,289.8399963378906,290.2099914550781,286.7099914550781,287.6000061035156,254.0039520263672,269481500
2018-09-10,288.739990234375,291.2699890136719,286.9800109863281,290.8800048828125,256.9008483886719,266666300
2018-09-17,290.82000732421875,293.94000244140625,289.0299987792969,291.989990234375,259.04852294921875,385095300
2018-09-24,291.3399963378906,292.239990234375,289.4100036621094,290.7200012207031,257.9218444824219,306860200
2018-10-01,292.1099853515625,293.2099914550781,286.2200012207031,287.82000732421875,255.34902954101562,391529300
2018-10-08,287.04998779296875,288.8599853515625,270.3599853515625,275.95001220703125,244.81813049316406,834839200
2018-10-15,275.54998779296875,281.1499938964844,274.29998779296875,276.25,245.0842742919922,605604600
2018-10-22,277.0,277.3599853515625,262.2900085449219,265.3299865722656,235.39625549316406,746211300
2018-10-29,268.79998779296875,275.2300109863281,259.8500061035156,271.8900146484375,241.2162322998047,668290500
2018-11-05,272.44000244140625,281.2200012207031,271.3500061035156,277.760009765625,246.42396545410156,392858000
2018-11-12,277.19000244140625,277.4599914550781,267.010009765625,273.7300109863281,242.84866333007812,584955500
2018-11-19,273.04998779296875,273.3800048828125,263.07000732421875,263.25,233.55096435546875,357454600
2018-11-26,265.7799987792969,276.2799987792969,265.3399963378906,275.6499938964844,244.55198669433594,463664000
2018-12-03,280.2799987792969,280.3999938964844,262.44000244140625,263.57000732421875,233.8347930908203,646366600
2018-12-10,263.3699951171875,269.0,258.6199951171875,260.4700012207031,231.08453369140625,584550800
2018-12-17,259.3999938964844,260.6499938964844,239.97999572753906,240.6999969482422,214.79196166992188,1022399200
2018-12-24,239.0399932861328,251.39999389648438,233.75999450683594,247.75,221.0831298828125,705164500
2018-12-31,249.55999755859375,253.11000061035156,243.6699981689453,252.38999938964844,225.22372436523438,557994100
2019-01-07,252.69000244140625,259.1600036621094,251.69000244140625,258.9800109863281,231.10440063476562,471340300
2019-01-14,256.8599853515625,266.9800109863281,256.4100036621094,266.4599914550781,237.77928161621094,457771900
2019-01-21,264.82000732421875,266.70001220703125,260.6600036621094,265.7799987792969,237.17247009277344,357649000
2019-01-28,263.3900146484375,271.20001220703125,261.7900085449219,270.05999755859375,240.99171447753906,434018300
2019-02-04,270.1099853515625,273.44000244140625,267.8299865722656,270.4700012207031,241.35755920410156,369916300
2019-02-11,271.20001220703125,277.4100036621094,270.0299987792969,277.3699951171875,247.5149383544922,385891900
2019-02-18,276.4800109863281,279.3599853515625,276.3500061035156,279.1400146484375,249.0944061279297,278060900
2019-02-25,280.7300109863281,281.30999755859375,277.4800109863281,280.4200134277344,250.23670959472656,330945200
2019-03-04,281.6000061035156,281.8699951171875,272.4200134277344,274.4599914550781,244.91822814941406,421329900
2019-03-11,275.260009765625,282.3800048828125,275.2300109863281,281.30999755859375,252.13658142089844,374233000
2019-03-18,281.54998779296875,285.17999267578125,279.17999267578125,279.25,250.29022216796875,439286800
2019-03-25,278.8699951171875,282.8399963378906,277.6400146484375,282.4800109863281,253.18521118164062,364351100
2019-04-01,284.70001220703125,288.6300048828125,284.3999938964844,288.57000732421875,258.6437072753906,293550700
2019-04-08,288.1000061035156,290.4700012207031,286.70001220703125,290.1600036621094,260.0688171386719,297131000
2019-04-15,290.239990234375,291.42999267578125,288.6600036621094,290.0199890136719,259.94329833984375,228726700
2019-04-22,289.1700134277344,293.489990234375,289.07000732421875,293.4100036621094,262.981689453125,251486900
2019-04-29,293.510009765625,294.95001220703125,289.5199890136719,294.0299987792969,263.53741455078125,331555200
2019-05-06,289.25,293.30999755859375,282.29998779296875,288.1000061035156,258.2225036621094,559396700
2019-05-13,282.4200134277344,289.2099914550781,279.92999267578125,285.8399963378906,256.19677734375,455352700
2019-05-20,284.05999755859375,286.92999267578125,280.57000732421875,282.7799987792969,253.4541015625,313209100
2019-05-27,283.0899963378906,284.1499938964844,275.239990234375,275.2699890136719,246.72300720214844,324388900
2019-06-03,275.30999755859375,288.8500061035156,273.0899963378906,287.6499938964844,257.81903076171875,388532200
2019-06-10,289.3699951171875,291.3999938964844,287.82000732421875,289.260009765625,259.2621765136719,267806600
2019-06-17,289.5199890136719,296.30999755859375,289.17999267578125,294.0,264.7921142578125,403194400
2019-06-24,294.2300109863281,294.5799865722656,290.3500061035156,293.0,263.8915710449219,280902400
2019-07-01,296.67999267578125,298.82000732421875,294.3299865722656,298.4599914550781,268.8091125488281,232786300
2019-07-08,297.010009765625,300.7300109863281,295.4800109863281,300.6499938964844,270.78155517578125,236543700
2019-07-15,301.1300048828125,301.1300048828125,296.70001220703125,297.1700134277344,267.64727783203125,216657600
2019-07-22,297.6099853515625,302.2300109863281,297.0400085449219,302.010009765625,272.0064697265625,235894000
2019-07-29,301.8800048828125,302.010009765625,290.8999938964844,292.6199951171875,263.5492248535156,447617000
2019-08-05,288.0899963378906,293.6199951171875,281.7200012207031,291.6199951171875,262.6487121582031,621473300
2019-08-12,289.9599914550781,294.1499938964844,282.3900146484375,288.8500061035156,260.15380859375,478024400
2019-08-19,292.19000244140625,293.92999267578125,283.4700012207031,284.8500061035156,256.5511779785156,355520800
2019-08-26,287.2699890136719,294.239990234375,285.25,292.45001220703125,263.396240234375,319590000
2019-09-02,290.57000732421875,298.8299865722656,289.2699890136719,298.04998779296875,268.43988037109375,248831100
2019-09-09,299.1400146484375,302.4599914550781,295.9700012207031,301.0899963378906,271.1777648925781,313042000
2019-09-16,299.8399963378906,302.6300048828125,297.4100036621094,298.2799987792969,269.8875427246094,339168000
2019-09-23,297.54998779296875,299.8399963378906,293.69000244140625,295.3999938964844,267.28179931640625,351126500
2019-09-30,295.9700012207031,298.4599914550781,284.82000732421875,294.3500061035156,266.3316650390625,412814300
2019-10-07,293.4700012207031,298.739990234375,288.489990234375,296.2799987792969,268.0779724121094,371694700
2019-10-14,295.92999267578125,300.239990234375,295.57000732421875,297.9700012207031,269.6071472167969,246118100
2019-10-21,299.4200134277344,302.20001220703125,298.5,301.6000061035156,272.8916320800781,202654000
2019-10-28,302.94000244140625,306.19000244140625,301.7300109863281,306.1400146484375,276.9994201660156,276271100
2019-11-04,307.8500061035156,309.6499938964844,306.05999755859375,308.94000244140625,279.5329284667969,253331600
2019-11-11,307.4200134277344,311.8399963378906,307.2699890136719,311.7900085449219,282.1116638183594,249443100
2019-11-18,311.5299987792969,312.69000244140625,309.05999755859375,310.9599914550781,281.3606262207031,295953800
2019-11-25,311.9800109863281,315.4800109863281,311.9800109863281,314.30999755859375,284.3917541503906,167253500
2019-12-02,314.5899963378906,315.30999755859375,307.1300048828125,314.8699951171875,284.8985290527344,288425500
2019-12-09,314.44000244140625,318.6700134277344,312.80999755859375,317.32000732421875,287.1153259277344,318810900
2019-12-16,319.2200012207031,321.9700012207031,317.25,320.7300109863281,291.62744140625,424433000
2019-12-23,321.5899963378906,323.79998779296875,320.8999938964844,322.8599853515625,293.5641174316406,146700000
2019-12-30,322.95001220703125,324.8900146484375,320.1499938964844,322.4100036621094,293.1549987792969,243667300
2020-01-06,320.489990234375,327.4599914550781,320.3599853515625,325.7099914550781,296.15557861328125,265948900
2020-01-13,326.3900146484375,332.17999267578125,325.9200134277344,331.95001220703125,301.8293762207031,331872500
2020-01-20,330.8999938964844,332.95001220703125,327.3599853515625,328.7699890136719,298.9378967285156,266198700
2020-01-27,323.0299987792969,328.6300048828125,320.7300109863281,321.7300109863281,292.5367126464844,391122800
2020-02-03,323.3500061035156,334.19000244140625,323.2200012207031,332.20001220703125,302.0566101074219,312106400
2020-02-10,331.2300109863281,338.1199951171875,331.19000244140625,337.6000061035156,306.9666442871094,260011300
2020-02-17,336.510009765625,339.0799865722656,332.5799865722656,333.4800109863281,303.2205810546875,293992500
2020-02-24,323.1400146484375,333.55999755859375,285.5400085449219,296.260009765625,269.3779296875,1244104700
2020-03-02,298.2099914550781,313.8399963378906,290.2300109863281,297.4599914550781,270.4688720703125,1130490100
2020-03-09,275.29998779296875,288.5199890136719,247.67999267578125,269.32000732421875,244.88232421875,1562964500
2020-03-16,241.17999267578125,256.8999938964844,228.02000427246094,228.8000030517578,209.26234436035156,1523388400
2020-03-23,228.19000244140625,262.79998779296875,218.25999450683594,253.4199981689453,231.77999877929688,1342924000
2020-03-30,255.6999969482422,263.3299865722656,243.89999389648438,248.19000244140625,226.99661254882812,869026800
2020-04-06,257.8399963378906,281.20001220703125,248.1699981689453,278.20001220703125,254.44393920898438,733262100
2020-04-13,277.1400146484375,287.29998779296875,271.4100036621094,286.6400146484375,262.16326904296875,649240600
2020-04-20,282.6099853515625,286.7900085449219,272.0199890136719,282.9700012207031,258.80670166015625,509219500
2020-04-27,285.1199951171875,294.8800048828125,281.5199890136719,282.7900085449219,258.6421203613281,549993900
2020-05-04,280.739990234375,292.95001220703125,279.1300048828125,292.44000244140625,267.4680480957031,385778500
2020-05-11,290.3399963378906,294.239990234375,272.989990234375,286.2799987792969,261.83404541015625,553230300
2020-05-18,293.04998779296875,297.8699951171875,291.95001220703125,295.44000244140625,270.2118225097656,443006900
2020-05-25,301.92999267578125,306.8399963378906,295.4599914550781,304.32000732421875,278.3335876464844,403264800
2020-06-01,303.6199951171875,321.2699890136719,303.05999755859375,319.3399963378906,292.0710144042969,448912200
2020-06-08,320.2200012207031,323.4100036621094,298.6000061035156,304.2099914550781,278.23291015625,650043700
2020-06-15,298.0199890136719,315.6400146484375,296.739990234375,308.6400146484375,283.5269470214844,573187400
2020-06-22,307.989990234375,314.5,299.4200134277344,300.04998779296875,275.6358947753906,493363100
2020-06-29,301.4100036621094,315.70001220703125,298.92999267578125,312.2300109863281,286.8248291015625,334908800
2020-07-06,316.3699951171875,317.8800048828125,310.67999267578125,317.5899963378906,291.7486877441406,340167000
2020-07-13,320.1300048828125,323.0400085449219,312.0,321.7200012207031,295.5426025390625,401248400
2020-07-20,321.42999267578125,327.2300109863281,319.25,320.8800048828125,294.7709655761719,320898500
2020-07-27,321.6300048828125,326.6300048828125,319.6400146484375,326.5199890136719,299.9519958496094,301090700
2020-08-03,328.32000732421875,334.8800048828125,327.7300109863281,334.57000732421875,307.3470764160156,238681200
2020-08-10,335.05999755859375,338.2799987792969,332.010009765625,336.8399963378906,309.43231201171875,256734100
2020-08-17,337.94000244140625,339.7200012207031,335.2200012207031,339.4800109863281,311.8575134277344,239583500
2020-08-24,342.1199951171875,350.7200012207031,339.45001220703125,350.5799865722656,322.05438232421875,244465300
2020-08-31,350.3500061035156,358.75,334.8699951171875,342.57000732421875,314.69610595703125,477715300
2020-09-07,336.7099914550781,342.6400146484375,331.0,334.05999755859375,306.8785095214844,381177300
2020-09-14,337.489990234375,343.05999755859375,327.9700012207031,330.6499938964844,304.9619445800781,398023800
2020-09-21,325.70001220703125,331.20001220703125,319.79998779296875,328.7300109863281,303.1911315917969,403925800
2020-09-28,333.2200012207031,338.739990234375,331.19000244140625,333.8399963378906,307.9040222167969,398099500
2020-10-05,336.05999755859375,347.3500061035156,334.3800048828125,346.8500061035156,319.9033203125,297612700
2020-10-12,349.5899963378906,354.0199890136719,343.1300048828125,347.2900085449219,320.30908203125,361231500
2020-10-19,348.6499938964844,349.3299865722656,340.6499938964844,345.7799987792969,318.91644287109375,296595700
2020-10-26,342.1300048828125,342.9800109863281,322.6000061035156,326.5400085449219,301.1711730957031,495446400
2020-11-02,330.20001220703125,352.19000244140625,327.239990234375,350.1600036621094,322.9561767578125,463334900
2020-11-09,363.9700012207031,364.3800048828125,350.510009765625,358.1000061035156,330.27935791015625,446943600
2020-11-16,360.9800109863281,362.7799987792969,354.1499938964844,355.3299865722656,327.7244873046875,341601600
2020-11-23,357.2799987792969,364.17999267578125,354.8699951171875,363.6700134277344,335.4165344238281,199491500
2020-11-30,362.8299865722656,369.8500061035156,359.1700134277344,369.8500061035156,341.1164855957031,317663000
2020-12-07,369.0199890136719,371.04998779296875,363.260009765625,366.29998779296875,337.8422546386719,280935500
2020-12-14,368.6400146484375,372.4599914550781,364.4700012207031,369.17999267578125,341.94989013671875,392163800
2020-12-21,364.9700012207031,378.4599914550781,362.0299987792969,369.0,341.7832336425781,216995000
2020-12-28,371.739990234375,374.6600036621094,370.8299865722656,373.8800048828125,346.30322265625,220656900
2021-01-04,375.30999755859375,381.489990234375,364.82000732421875,381.260009765625,353.138916015625,425078700
2021-01-11,377.8500061035156,381.1300048828125,373.70001220703125,375.70001220703125,347.9890441894531,306035100
2021-01-18,378.3399963378906,384.95001220703125,376.75,382.8800048828125,354.6394348144531,213770000
2021-01-25,383.6700134277344,385.8500061035156,368.2699890136719,370.07000732421875,342.7742919921875,457381600
2021-02-01,373.7200012207031,388.4700012207031,370.3800048828125,387.7099914550781,359.1131896972656,288507800
2021-02-08,389.2699890136719,392.8999938964844,387.5,392.6400146484375,363.6795349121094,226577300
2021-02-15,393.9599914550781,394.1700134277344,387.739990234375,390.0299987792969,361.2620849609375,246216800
2021-02-22,387.05999755859375,392.2300109863281,378.2300109863281,380.3599853515625,352.3052673339844,546504300
2021-03-01,385.5899963378906,390.9200134277344,371.8800048828125,383.6300048828125,355.3341064453125,640356900
2021-03-08,384.6600036621094,395.6499938964844,381.4200134277344,394.05999755859375,364.9949035644531,497580800
2021-03-15,394.3299865722656,398.1199951171875,387.1499938964844,389.4800109863281,361.9341735839844,474082600
2021-03-22,390.0299987792969,396.4100036621094,383.8999938964844,395.9800109863281,367.97442626953125,492591500
2021-03-29,394.3999938964844,400.6700134277344,392.80999755859375,400.6099853515625,372.2770080566406,396786900
2021-04-05,403.4599914550781,411.6700134277344,403.3800048828125,411.489990234375,382.3875732421875,328509800
2021-04-12,410.8500061035156,417.9100036621094,410.20001220703125,417.260009765625,387.7494812011719,317182900
2021-04-19,416.260009765625,418.25,410.5899963378906,416.739990234375,387.2662353515625,397935300
2021-04-26,417.44000244140625,420.7200012207031,416.29998779296875,417.29998779296875,387.78662109375,318795700
2021-05-03,419.42999267578125,422.82000732421875,411.6700134277344,422.1199951171875,392.2657165527344,371936900
2021-05-10,422.5,422.739990234375,404.0,416.5799865722656,387.1175231933594,522147000
2021-05-17,415.3900146484375,418.20001220703125,405.3299865722656,414.94000244140625,385.59356689453125,386007400
2021-05-24,417.3399963378906,421.25,417.0799865722656,420.0400085449219,390.33282470703125,267144600
2021-05-31,422.57000732421875,422.9200134277344,416.2799987792969,422.6000061035156,392.7118225097656,217391300
2021-06-07,422.5899963378906,424.6300048828125,420.32000732421875,424.30999755859375,394.3008728027344,243716500
2021-06-14,424.42999267578125,425.4599914550781,414.70001220703125,414.9200134277344,386.83642578125,383879100
2021-06-21,416.79998779296875,427.0899963378906,415.92999267578125,426.6099853515625,397.7351379394531,283207500
2021-06-28,427.1700134277344,434.1000061035156,425.8900146484375,433.7200012207031,404.3638610839844,265096700
2021-07-05,433.7799987792969,435.8399963378906,427.5199890136719,435.5199890136719,406.0421447753906,306093700
2021-07-12,435.42999267578125,437.9200134277344,430.9200134277344,431.3399963378906,402.14495849609375,300932400
2021-07-19,426.19000244140625,440.29998779296875,421.9700012207031,439.94000244140625,410.1629333496094,423964700
2021-07-26,439.30999755859375,441.79998779296875,435.989990234375,438.510009765625,408.8297119140625,279975200
2021-08-02,440.3399963378906,442.94000244140625,436.1000061035156,442.489990234375,412.5403137207031,249469100
2021-08-09,442.4599914550781,445.94000244140625,441.30999755859375,445.9200134277344,415.73809814453125,206975900
2021-08-16,444.5299987792969,447.1099853515625,436.1199951171875,443.3599853515625,413.35150146484375,420586700
2021-08-23,445.1600036621094,450.6499938964844,443.44000244140625,450.25,419.77520751953125,269312100
2021-08-30,450.9700012207031,454.04998779296875,450.7099914550781,453.0799865722656,422.41357421875,246050500
2021-09-06,452.7099914550781,452.80999755859375,445.30999755859375,445.44000244140625,415.2906494140625,255772000
2021-09-13,448.6400146484375,448.9200134277344,441.0199890136719,441.3999938964844,412.842529296875,436939600
2021-09-20,434.8800048828125,444.8900146484375,428.8599853515625,443.9100036621094,415.1900939941406,499812500
2021-09-27,442.80999755859375,444.04998779296875,427.2300109863281,434.239990234375,406.1457214355469,543882700
2021-10-04,433.0,441.67999267578125,426.3599853515625,437.8599853515625,409.531494140625,479279600
2021-10-11,437.1600036621094,446.260009765625,431.5400085449219,445.8699951171875,417.0232849121094,345885500
2021-10-18,443.9700012207031,454.6700134277344,443.2699890136719,453.1199951171875,423.80426025390625,258932100
2021-10-25,454.2799987792969,459.55999755859375,452.3900146484375,459.25,429.53765869140625,295327900
2021-11-01,460.29998779296875,470.6499938964844,458.20001220703125,468.5299987792969,438.21728515625,269089500
2021-11-08,469.70001220703125,470.2300109863281,462.0400085449219,467.2699890136719,437.03875732421875,259299200
2021-11-15,468.6400146484375,470.94000244140625,466.2300109863281,468.8900146484375,438.55401611328125,251637500
2021-11-22,470.8900146484375,473.5400085449219,457.7699890136719,458.9700012207031,429.2757873535156,320496900
2021-11-29,464.07000732421875,466.55999755859375,448.9200134277344,453.4200134277344,424.08477783203125,631737000
2021-12-06,456.1300048828125,470.8999938964844,453.55999755859375,470.739990234375,440.28424072265625,405133400
2021-12-13,470.19000244140625,472.8699951171875,458.05999755859375,459.8699951171875,431.62860107421875,553968300
2021-12-20,454.4800109863281,472.19000244140625,451.1400146484375,470.6000061035156,441.6996765136719,292271000
2021-12-27,472.05999755859375,479.0,472.010009765625,474.9599914550781,445.7919616699219,279152600
2022-01-03,476.29998779296875,479.9800109863281,464.6499938964844,466.0899963378906,437.4667053222656,420356300
2022-01-10,462.70001220703125,473.20001220703125,456.6000061035156,464.7200012207031,436.18084716796875,448334500
2022-01-17,459.739990234375,459.9599914550781,437.95001220703125,437.9800109863281,411.08294677734375,543717600
2022-01-24,432.0299987792969,444.0400085449219,420.760009765625,441.95001220703125,414.8091125488281,920508000
2022-01-31,441.239990234375,458.1199951171875,439.80999755859375,448.70001220703125,421.1446228027344,629246600
2022-02-07,449.510009765625,457.8800048828125,438.94000244140625,440.4599914550781,413.4106140136719,551393100
2022-02-14,439.9200134277344,448.05999755859375,431.82000732421875,434.2300109863281,407.5632019042969,531254600
2022-02-21,431.8900146484375,437.8399963378906,410.6400146484375,437.75,410.8670349121094,592717200
2022-02-28,432.0299987792969,441.1099853515625,427.1099853515625,432.1700134277344,405.6297302246094,620607300
2022-03-07,431.54998779296875,432.29998779296875,415.1199951171875,420.07000732421875,394.2728576660156,609269100
2022-03-14,420.8900146484375,444.8599853515625,415.7900085449219,444.5199890136719,418.5174255371094,555925500
2022-03-21,444.3399963378906,452.9800109863281,440.67999267578125,452.69000244140625,426.2095947265625,384264500
2022-03-28,452.05999755859375,462.07000732421875,449.1400146484375,452.9200134277344,426.4260559082031,445526900
2022-04-04,453.1300048828125,457.8299865722656,443.4700012207031,447.57000732421875,421.38897705078125,398083400
2022-04-11,444.1099853515625,445.75,436.6499938964844,437.7900085449219,412.18115234375,346074000
2022-04-18,436.80999755859375,450.010009765625,425.44000244140625,426.0400085449219,401.1184387207031,426937000
2022-04-25,423.6700134277344,429.6400146484375,411.2099914550781,412.0,387.8997802734375,596614200
2022-05-02,412.07000732421875,429.6600036621094,405.0199890136719,411.3399963378906,387.2783508300781,727288500
2022-05-09,405.1000061035156,406.4100036621094,385.1499938964844,401.7200012207031,378.2210998535156,659709500
2022-05-16,399.9800109863281,408.57000732421875,380.5400085449219,389.6300048828125,366.8382568359375,509269500
2022-05-23,392.8299865722656,415.3800048828125,386.9599914550781,415.260009765625,390.96905517578125,426273600
2022-05-30,413.54998779296875,417.44000244140625,406.92999267578125,410.5400085449219,386.5251159667969,334006700
2022-06-06,414.7799987792969,416.6099853515625,389.75,389.79998779296875,366.9984130859375,400315000
2022-06-13,379.8500061035156,383.8999938964844,362.1700134277344,365.8599853515625,345.9466247558594,645270700
2022-06-20,371.8900146484375,390.0899963378906,370.17999267578125,390.0799865722656,368.8484191894531,344213700
2022-06-27,391.04998779296875,393.1600036621094,372.55999755859375,381.239990234375,360.489501953125,405582500
2022-07-04,375.8800048828125,390.6400146484375,372.8999938964844,388.6700134277344,367.5151672363281,288787900
2022-07-11,385.8500061035156,386.8699951171875,371.0400085449219,385.1300048828125,364.1678466796875,373575900
2022-07-18,388.3800048828125,400.17999267578125,380.6600036621094,395.0899963378906,373.585693359375,350654600
2022-07-25,395.75,413.0299987792969,389.95001220703125,411.989990234375,389.5658874511719,349890300
2022-08-01,409.1499938964844,415.67999267578125,406.82000732421875,413.4700012207031,390.9653625488281,303725000
2022-08-08,415.25,427.2099914550781,410.2200012207031,427.1000061035156,403.853515625,288667800
2022-08-15,424.7699890136719,431.7300109863281,421.2200012207031,422.1400146484375,399.1634521484375,293940800
2022-08-22,417.04998779296875,419.9599914550781,405.25,405.30999755859375,383.2494812011719,330007900
2022-08-29,402.20001220703125,405.8399963378906,390.0400085449219,392.239990234375,370.890869140625,405425100
2022-09-05,393.1300048828125,407.510009765625,388.4200134277344,406.6000061035156,384.4692687988281,305130200
2022-09-12,408.7799987792969,411.7300109863281,382.1099853515625,385.55999755859375,366.072021484375,467945700
2022-09-19,382.260009765625,389.30999755859375,363.2900085449219,367.95001220703125,349.3521423339844,469119500
2022-09-26,366.4100036621094,372.29998779296875,357.0400085449219,357.17999267578125,339.12652587890625,578341000
2022-10-03,361.0799865722656,379.4599914550781,359.2099914550781,362.7900085449219,344.4530029296875,471548000
2022-10-10,363.9599914550781,370.260009765625,348.1099853515625,357.6300048828125,339.5537414550781,516508900
2022-10-17,364.010009765625,375.45001220703125,357.2799987792969,374.2900085449219,355.3717346191406,489399500
2022-10-24,375.8900146484375,389.5199890136719,373.1099853515625,389.0199890136719,369.35711669921875,450644300
2022-10-31,386.44000244140625,390.3900146484375,368.7900085449219,376.3500061035156,357.32757568359375,499634600
2022-11-07,377.7099914550781,399.3500061035156,373.6099853515625,398.510009765625,378.36749267578125,466719200
2022-11-14,396.6600036621094,402.30999755859375,390.1400146484375,396.0299987792969,376.0128173828125,401025300
2022-11-21,394.6400146484375,402.92999267578125,392.6600036621094,402.3299865722656,381.9944152832031,210479200
2022-11-28,399.0899963378906,410.0,393.29998779296875,406.9100036621094,386.3429870605469,426499200
2022-12-05,403.95001220703125,404.92999267578125,391.6400146484375,393.2799987792969,373.4018859863281,363375500
2022-12-12,394.1099853515625,410.489990234375,381.0400085449219,383.2699890136719,365.5688171386719,544863500
2022-12-19,383.4700012207031,387.4100036621094,374.7699890136719,382.9100036621094,365.2254638671875,392450900
2022-12-26,382.7900085449219,384.3500061035156,376.4200134277344,382.42999267578125,364.7676086425781,273542800
2023-01-02,384.3699951171875,389.25,377.8299865722656,388.0799865722656,370.15667724609375,341944900
2023-01-09,390.3699951171875,399.1000061035156,386.2699890136719,398.5,380.0954284667969,362278900
2023-01-16,398.4800109863281,400.2300109863281,387.260009765625,395.8800048828125,377.59649658203125,341074900
2023-01-23,396.7200012207031,408.1600036621094,393.55999755859375,405.67999267578125,386.94384765625,369137600
2023-01-30,402.79998779296875,418.30999755859375,400.2799987792969,412.3500061035156,393.3057556152344,458864300
2023-02-06,409.7900085449219,416.489990234375,405.010009765625,408.0400085449219,389.19482421875,376978100
2023-02-13,408.7200012207031,415.04998779296875,404.04998779296875,407.260009765625,388.45086669921875,380547800
2023-02-20,403.05999755859375,404.1600036621094,393.6400146484375,396.3800048828125,378.0733642578125,370835000
2023-02-27,399.8699951171875,404.45001220703125,392.3299865722656,404.19000244140625,385.52264404296875,451837900
2023-03-06,405.04998779296875,407.45001220703125,384.32000732421875,385.9100036621094,368.0869140625,557051400
2023-03-13,381.80999755859375,396.4700012207031,380.6499938964844,389.989990234375,373.39813232421875,764346900
2023-03-20,390.79998779296875,402.489990234375,389.3999938964844,395.75,378.9130554199219,523360300
2023-03-27,398.1199951171875,409.70001220703125,393.69000244140625,409.3900146484375,391.9727783203125,396282600
2023-04-03,408.8500061035156,411.9200134277344,405.67999267578125,409.19000244140625,391.78131103515625,262936100
2023-04-10,406.6099853515625,415.0899963378906,405.9700012207031,412.4599914550781,394.9121398925781,373375600
2023-04-17,412.3699951171875,415.7200012207031,410.1700134277344,412.20001220703125,394.6632080078125,334521500
2023-04-24,411.989990234375,415.94000244140625,403.7799987792969,415.92999267578125,398.2345275878906,424947300
2023-05-01,415.4700012207031,417.6199951171875,403.739990234375,412.6300048828125,395.0749816894531,440446300
2023-05-08,412.9700012207031,414.5400085449219,408.8699951171875,411.5899963378906,394.0792236328125,336048400
2023-05-15,412.2200012207031,420.7200012207031,410.2300109863281,418.6199951171875,400.8100280761719,400252400
2023-05-22,418.6400146484375,420.7699890136719,409.8800048828125,420.0199890136719,402.1504821777344,421134200
2023-05-29,422.0299987792969,428.739990234375,416.2200012207031,427.9200134277344,409.7144470214844,363319000
2023-06-05,428.2799987792969,431.989990234375,425.82000732421875,429.8999938964844,411.6101379394531,362551300
2023-06-12,430.9200134277344,443.8999938964844,430.1700134277344,439.4599914550781,422.3264465332031,497085000
2023-06-19,437.45001220703125,438.3699951171875,432.4700012207031,433.2099914550781,416.3200988769531,315854400
2023-06-26,432.6199951171875,444.29998779296875,431.19000244140625,443.2799987792969,425.9974670410156,394119600
2023-07-03,442.9200134277344,444.0799865722656,437.05999755859375,438.54998779296875,421.4519348144531,258004300
2023-07-10,438.17999267578125,451.3599853515625,437.5899963378906,449.2799987792969,431.76361083984375,361072800
2023-07-17,449.1300048828125,456.42999267578125,449.0799865722656,452.17999267578125,434.55047607421875,341107300
2023-07-24,453.3699951171875,459.44000244140625,451.54998779296875,456.9200134277344,439.10577392578125,352473700
2023-07-31,457.4100036621094,458.1600036621094,446.2699890136719,446.80999755859375,429.38983154296875,375670300
2023-08-07,448.7099914550781,451.70001220703125,443.3500061035156,445.6499938964844,428.2751159667969,370204800
2023-08-14,444.70001220703125,448.1099853515625,433.010009765625,436.5,419.4818420410156,398245400
2023-08-21,437.54998779296875,445.2200012207031,435.0,439.9700012207031,422.8165588378906,392996600
2023-08-28,442.239990234375,453.6700134277344,439.9700012207031,451.19000244140625,433.59912109375,338759900
2023-09-04,450.7300109863281,451.05999755859375,442.75,445.5199890136719,428.1501770019531,257939800
2023-09-11,448.239990234375,451.0799865722656,442.9200134277344,443.3699951171875,427.5869445800781,383224500
2023-09-18,443.04998779296875,444.9700012207031,429.989990234375,430.4200134277344,415.097900390625,409754900
2023-09-25,429.1700134277344,432.2699890136719,422.2900085449219,427.4800109863281,412.2625732421875,479118300
2023-10-02,426.6199951171875,431.1300048828125,420.17999267578125,429.5400085449219,414.249267578125,458428200
2023-10-09,427.5799865722656,437.3399963378906,427.010009765625,431.5,416.1395263671875,397730700
2023-10-16,433.82000732421875,438.1400146484375,421.0799865722656,421.19000244140625,406.19647216796875,489560600
2023-10-23,419.6099853515625,424.82000732421875,409.2099914550781,410.67999267578125,396.0605773925781,487347000
2023-10-30,413.55999755859375,436.2900085449219,412.2200012207031,434.69000244140625,419.21588134765625,459402700
2023-11-06,435.4700012207031,440.92999267578125,433.3999938964844,440.6099853515625,424.9252014160156,366470400
2023-11-13,439.2300109863281,451.4200134277344,438.4200134277344,450.7900085449219,434.7427978515625,376539600
2023-11-20,450.5299987792969,456.3800048828125,450.5199890136719,455.29998779296875,439.0922546386719,208313100
2023-11-27,454.6499938964844,459.6499938964844,453.3399963378906,459.1000061035156,442.7569885253906,344703100
2023-12-04,455.6000061035156,460.75,454.30999755859375,460.20001220703125,443.8177795410156,361538900
2023-12-11,459.69000244140625,473.7300109863281,459.4700012207031,469.3299865722656,454.4579162597656,487187500
2023-12-18,470.9800109863281,475.8999938964844,467.82000732421875,473.6499938964844,458.6409912109375,382886000
2023-12-25,474.07000732421875,477.54998779296875,473.29998779296875,475.30999755859375,460.2484130859375,322828500
2024-01-01,472.1600036621094,473.6700134277344,466.42999267578125,467.9200134277344,453.0926513671875,397560700
2024-01-08,468.42999267578125,478.6000061035156,468.29998779296875,476.67999267578125,461.5750427246094,344088200
2024-01-15,475.260009765625,482.7200012207031,469.8699951171875,482.42999267578125,467.142822265625,356549500
2024-01-22,484.010009765625,489.1199951171875,482.7799987792969,487.4100036621094,471.96502685546875,356721800
2024-01-29,487.7300109863281,496.04998779296875,482.8599853515625,494.3500061035156,478.68511962890625,437072100
2024-02-05,493.70001220703125,501.6499938964844,490.2300109863281,501.20001220703125,485.31805419921875,318555200
2024-02-12,501.1700134277344,503.5,490.7200012207031,499.510009765625,483.6815490722656,375205200
2024-02-19,497.7200012207031,510.1300048828125,493.55999755859375,507.8500061035156,491.75732421875,268754400
2024-02-26,508.29998779296875,513.2899780273438,504.75,512.8499755859375,496.598876953125,316517400
2024-03-04,512.030029296875,518.219970703125,504.9100036621094,511.7200012207031,495.5046691894531,336221900
2024-03-11,510.4800109863281,517.3800048828125,508.1199951171875,509.8299865722656,495.2084045410156,408593800
2024-03-18,514.0,524.1099853515625,511.1199951171875,521.2100219726562,506.2620849609375,358570100
2024-03-25,519.7999877929688,524.6099853515625,518.4000244140625,523.0700073242188,508.06866455078125,293270500
2024-04-01,523.8300170898438,524.3800048828125,512.760009765625,518.4299926757812,503.5617980957031,367268200
2024-04-08,519.1500244140625,520.75,509.0799865722656,510.8500061035156,496.1991882324219,361763900
2024-04-15,515.1300048828125,515.2999877929688,493.8599853515625,495.1600036621094,480.9591064453125,418256400
2024-04-22,497.8299865722656,509.8800048828125,495.42999267578125,508.260009765625,493.6834411621094,321951200
2024-04-29,510.0899963378906,512.5499877929688,499.54998779296875,511.2900085449219,496.62652587890625,339448700
2024-05-06,513.75,522.6400146484375,513.2999877929688,520.8400268554688,505.9027099609375,237750100
2024-05-13,522.5599975585938,531.52001953125,519.739990234375,529.4500122070312,514.2657470703125,263189600
2024-05-20,529.5700073242188,533.0700073242188,524.719970703125,529.4400024414062,514.256103515625,218093500
2024-05-27,530.27001953125,530.510009765625,518.3599853515625,527.3699951171875,512.2454223632812,218623300
2024-06-03,529.02001953125,536.8900146484375,522.5999755859375,534.010009765625,518.6950073242188,203111800
2024-06-10,533.1799926757812,544.1199951171875,532.0499877929688,542.780029296875,527.2135009765625,220171600
2024-06-17,542.0800170898438,550.1199951171875,541.6099853515625,544.510009765625,530.60009765625,231882700
2024-06-24,544.3300170898438,550.280029296875,542.4400024414062,544.219970703125,530.3175048828125,233201500
2024-07-01,545.6300048828125,555.0499877929688,542.52001953125,554.6400146484375,540.471435546875,155010900
2024-07-08,555.4400024414062,563.6699829101562,554.1900024414062,559.989990234375,545.6846313476562,208240000
2024-07-15,562.030029296875,565.1599731445312,547.9099731445312,548.989990234375,534.9656372070312,255958100
2024-07-22,553.0,556.739990234375,537.4500122070312,544.4400024414062,530.5318603515625,267223700
2024-07-29,546.02001953125,554.8699951171875,528.5999755859375,532.9000244140625,519.2867431640625,311250600
2024-08-05,511.6400146484375,534.510009765625,510.2699890136719,532.989990234375,519.3743896484375,410688200
2024-08-12,534.2100219726562,555.02001953125,530.9500122070312,554.3099975585938,540.1497802734375,242599600
2024-08-19,554.72998046875,563.1799926757812,553.8599853515625,562.1300048828125,547.77001953125,221129600
2024-08-26,563.1799926757812,564.2000122070312,555.0399780273438,563.6799926757812,549.2804565429688,210963800
2024-09-02,558.3499755859375,560.8099975585938,539.4400024414062,540.3599853515625,526.5560913085938,220583100
2024-09-09,544.6500244140625,563.030029296875,539.9600219726562,562.010009765625,547.6531372070312,243219100
2024-09-16,561.739990234375,572.8800048828125,559.9000244140625,568.25,555.4320678710938,297840600
2024-09-23,569.3400268554688,574.7100219726562,567.5999755859375,571.469970703125,558.5794677734375,219788100
2024-09-30,570.4199829101562,574.3800048828125,565.27001953125,572.97998046875,560.055419921875,258109600
2024-10-07,571.2999877929688,580.3300170898438,566.6300048828125,579.5800170898438,566.5065307617188,211681700
2024-10-14,581.219970703125,586.1199951171875,578.5399780273438,584.5900268554688,571.4035034179688,192956700
2024-10-21,583.8499755859375,584.8499755859375,574.4199829101562,579.0399780273438,565.9786376953125,202185500
2024-10-28,582.5800170898438,583.3200073242188,568.4400024414062,571.0399780273438,558.1589965820312,220360200
2024-11-04,571.1799926757812,599.6400146484375,567.8900146484375,598.1900024414062,584.6967163085938,239555400
2024-11-11,599.8099975585938,600.1699829101562,583.8599853515625,585.75,572.537353515625,242874400
2024-11-18,586.219970703125,596.1500244140625,584.030029296875,595.510009765625,582.0772705078125,221423000
2024-11-25,599.52001953125,603.3499755859375,595.2000122070312,602.5499877929688,588.9583129882812,152240300
2024-12-02,602.969970703125,609.0700073242188,602.3400268554688,607.8099975585938,594.0997314453125,161443900
2024-12-09,607.6900024414062,608.4299926757812,602.1300048828125,604.2100219726562,590.5809936523438,168103400
2024-12-16,606.0,607.780029296875,580.9099731445312,591.1500244140625,579.7603759765625,419353600
2024-12-23,590.8900146484375,602.47998046875,587.6599731445312,595.010009765625,583.5459594726562,196984300
2024-12-30,587.8900146484375,592.5999755859375,580.5,591.9500122070312,580.5448608398438,201724000
2025-01-06,596.27001953125,599.7000122070312,578.5499877929688,580.489990234375,569.3056030273438,228482200
2025-01-13,575.77001953125,599.3599853515625,575.3499755859375,597.5800170898438,586.06640625,254621200
2025-01-20,600.6699829101562,610.780029296875,598.6699829101562,607.969970703125,596.256103515625,166485700
2025-01-27,594.8099975585938,609.9600219726562,594.6400146484375,601.8200073242188,590.2247314453125,257820000
2025-02-03,592.6699829101562,608.1300048828125,590.489990234375,600.77001953125,589.1948852539062,216528100
2025-02-10,604.030029296875,610.989990234375,598.510009765625,609.7000122070312,597.9528198242188,169013200
2025-02-17,610.8800048828125,613.22998046875,599.469970703125,599.9400024414062,588.3809814453125,170833900
2025-02-24,602.02001953125,603.030029296875,582.4400024414062,594.1799926757812,582.73193359375,315266100
2025-03-03,596.1799926757812,597.3400268554688,565.6300048828125,575.9199829101562,564.82373046875,416381600
2025-03-10,567.5900268554688,569.5399780273438,549.6799926757812,562.8099975585938,551.9662475585938,393756600
2025-03-17,562.7899780273438,570.9500122070312,558.030029296875,563.97998046875,554.777587890625,328327300
2025-03-24,570.7999877929688,576.4099731445312,555.0700073242188,555.6599731445312,546.5933227539062,262797700
2025-03-31,549.8300170898438,567.4199829101562,505.05999755859375,505.2799987792969,497.0354309082031,569903400
2025-04-07,489.19000244140625,548.6199951171875,481.79998779296875,533.9400024414062,525.227783203125,924492800
2025-04-14,544.0499877929688,544.280029296875,520.2899780273438,526.4099731445312,517.8206176757812,288279800
2025-04-21,521.1599731445312,551.0499877929688,508.4599914550781,550.6400146484375,541.6553955078125,361176900
2025-04-28,551.3900146484375,568.3800048828125,541.52001953125,566.760009765625,557.5122680664062,312393800
2025-05-05,562.5700073242188,570.3099975585938,556.0399780273438,564.3400268554688,555.1317749023438,245246100
2025-05-12,581.469970703125,594.5,577.0399780273438,594.2000122070312,584.504638671875,360544500
2025-05-19,588.0999755859375,595.5399780273438,575.5999755859375,579.1099853515625,569.6607055664062,370870100
2025-05-26,586.0700073242188,593.2000122070312,578.4299926757812,589.3900146484375,579.7730102539062,301608500
2025-06-02,587.760009765625,600.8300170898438,585.0599975585938,599.1400146484375,589.364013671875,341418300
2025-06-09,599.719970703125,605.0599975585938,595.47998046875,597.0,587.2588500976562,346556600
2025-06-16,600.4000244140625,604.4500122070312,592.8599853515625,594.280029296875,586.3114624023438,332849900
2025-06-23,595.0399780273438,616.3900146484375,591.8900146484375,614.9099731445312,606.664794921875,382082900
2025-06-30,617.3800048828125,626.280029296875,615.0399780273438,625.3400268554688,616.9550170898438,280108800
2025-07-07,623.3599853515625,626.8699951171875,617.8699951171875,623.6199951171875,615.258056640625,321151600
2025-07-14,623.1599731445312,629.469970703125,618.0499877929688,627.5800170898438,619.1649169921875,349710600
2025-07-21,628.77001953125,637.5800170898438,626.1900024414062,637.0999755859375,628.5572509765625,322104800
2025-07-28,637.47998046875,639.8499755859375,619.2899780273438,621.719970703125,613.3834838867188,439381100
2025-08-04,625.6699829101562,637.6500244140625,625.5800170898438,637.1799926757812,628.63623046875,343884300
2025-08-11,637.4600219726562,646.1900024414062,634.6599731445312,643.4400024414062,634.812255859375,311485900
2025-08-18,642.8599853515625,646.5,632.9500122070312,645.3099975585938,636.6571655273438,341334900
2025-08-25,644.0399780273438,649.47998046875,641.5700073242188,645.0499877929688,636.400634765625,287238700
2025-09-01,637.5,652.2100219726562,634.9199829101562,647.239990234375,638.5613403320312,303202500
2025-09-08,648.6199951171875,659.1099853515625,647.219970703125,657.4099731445312,648.5949096679688,350016000
2025-09-15,659.6400146484375,664.8900146484375,654.2999877929688,663.7000122070312,656.615966796875,415298400
2025-09-22,662.2000122070312,667.3400268554688,654.4099731445312,661.8200073242188,654.756103515625,378044600
2025-09-29,664.3599853515625,672.6799926757812,661.6099853515625,669.2100219726562,662.0672607421875,359722800
2025-10-06,671.6199951171875,673.9500122070312,652.8400268554688,653.02001953125,646.0499877929688,413270100
2025-10-13,660.6500244140625,670.22998046875,653.1699829101562,664.3900146484375,657.298583984375,457106900
2025-10-20,667.3200073242188,678.469970703125,663.2999877929688,677.25,670.0213623046875,337267400
2025-10-27,682.72998046875,689.7000122070312,679.239990234375,682.0599975585938,674.7799682617188,374234900
2025-11-03,685.6699829101562,685.7999877929688,661.2100219726562,670.969970703125,663.8082885742188,395772100
2025-11-10,677.239990234375,684.9600219726562,663.27001953125,671.9299926757812,664.7581176757812,397413300
2025-11-17,669.7000122070312,675.5599975585938,650.8499755859375,659.030029296875,651.995849609375,588876300
2025-11-24,662.6900024414062,683.6699829101562,661.5900268554688,683.3900146484375,676.0958251953125,282606600
2025-12-01,678.8099975585938,688.3900146484375,678.739990234375,685.6900024414062,678.3712768554688,322604800
2025-12-08,686.5900268554688,689.25,679.1699829101562,681.760009765625,674.4832763671875,398546900
2025-12-15,685.739990234375,685.760009765625,671.2000122070312,680.5900268554688,675.3153686523438,535716400
2025-12-22,683.9400024414062,691.6599731445312,680.5900268554688,690.3099975585938,684.9599609375,215455600
2025-12-29,687.5399780273438,689.2000122070312,679.8200073242188,683.1699829101562,677.8753051757812,273242200
2026-01-05,686.5399780273438,695.3099975585938,686.3800048828125,694.0700073242188,688.6908569335938,360934000
2026-01-12,690.6799926757812,696.0900268554688,686.0399780273438,691.6599731445312,686.2994995117188,394113600
2026-01-19,681.489990234375,691.1300048828125,676.5700073242188,689.22998046875,683.8883666992188,379639600
2026-01-26,690.489990234375,697.8400268554688,684.8300170898438,691.969970703125,686.6071166992188,376473400
2026-02-02,689.5800170898438,696.9600219726562,675.7899780273438,690.6199951171875,685.2676391601562,495134100
2026-02-09,689.4199829101562,697.1400146484375,677.52001953125,681.75,676.4663696289062,430521300
2026-02-16,680.1400146484375,690.0599975585938,675.780029296875,689.4299926757812,684.0867919921875,313608400
2026-02-23,687.8300170898438,693.6799926757812,680.0,685.989990234375,680.6734619140625,375706200
2026-03-02,678.7000122070312,688.6199951171875,669.6599731445312,672.3800048828125,667.1689453125,478956000
2026-03-09,666.3900146484375,683.3599853515625,661.3599853515625,662.2899780273438,657.1571655273438,458697100
2026-03-16,668.3800048828125,674.4400024414062,644.719970703125,648.5700073242188,645.3009643554688,526103700
2026-03-23,658.0700073242188,662.6199951171875,633.1099853515625,634.0900268554688,630.89404296875,522057800
2026-03-30,640.1099853515625,658.52001953125,629.280029296875,655.8300170898438,652.5244750976562,418010200
2026-04-06,655.8599853515625,682.030029296875,651.0599975585938,679.4600219726562,676.0353393554688,302080200
2026-04-13,677.4099731445312,712.3900146484375,676.5800170898438,710.1400146484375,706.5607299804688,296541000
2026-04-20,708.780029296875,714.469970703125,702.280029296875,713.9400024414062,710.3414916992188,246362700
2026-04-27,713.1699829101562,724.8699951171875,708.3699951171875,720.6500244140625,717.0177001953125,228403200
2026-05-04,720.0700073242188,738.0800170898438,714.989990234375,737.6199951171875,733.9021606445312,241124400
2026-05-11,736.4500122070312,749.530029296875,731.8300170898438,739.1699829101562,735.4443969726562,248127900
2026-05-18,739.8300170898438,748.9400024414062,731.530029296875,745.6400146484375,741.8817749023438,232962000
2026-05-25,750.010009765625,758.0800170898438,748.219970703125,756.47998046875,752.6671142578125,179868200
2026-06-01,755.3599853515625,760.4000244140625,735.530029296875,737.5499877929688,733.83251953125,270531700
2026-06-08,743.3599853515625,746.9000244140625,722.5900268554688,741.75,738.0113525390625,340753900
2026-06-15,751.8499755859375,756.6799926757812,739.219970703125,746.739990234375,744.8902587890625,294090400
2026-06-22,747.7000122070312,750.1799926757812,716.5800170898438,728.989990234375,727.1842651367188,295882800
2026-06-29,736.530029296875,751.3099975585938,732.0900268554688,744.780029296875,742.9351806640625,218209900
2026-07-06,748.739990234375,755.4199829101562,739.510009765625,754.9500122070312,753.0799560546875,221795200
2026-07-13,752.469970703125,755.5800170898438,740.7999877929688,743.2899780273438,741.4487915039062,232062300
2026-07-20,747.0599975585938,750.02001953125,735.2100219726562,738.9299926757812,737.099609375,217802100
2026-07-27,744.9099731445312,748.9000244140625,729.0999755859375,747.030029296875,745.1796264648438,288737800
2026-08-03,749.4400024414062,776.8499755859375,748.7999877929688,773.260009765625,771.3446044921875,255774600
2026-08-10,772.5999755859375,779.3699951171875,769.2000122070312,776.3400268554688,774.4169921875,176171600
2026-08-17,776.1799926757812,776.780029296875,762.0399780273438,765.719970703125,763.8232421875,203292500
2026-08-24,764.780029296875,775.2999877929688,762.0800170898438,769.3499755859375,767.4442749023438,159906200
2026-08-31,767.3300170898438,774.030029296875,759.47998046875,770.1900024414062,768.2822265625,187089100
2026-09-07,769.0700073242188,769.7000122070312,756.6400146484375,764.2899780273438,762.3967895507812,165811600
2026-09-14,759.0,763.5700073242188,749.5999755859375,761.6900024414062,761.6900024414062,264453000
2026-09-21,766.25,775.1400146484375,763.2449951171875,767.1799926757812,767.1799926757812,226799185
